,Sequence,Source,FRS,Chelator
0,AHK,10.2174/138161207780414278,1,0
1,VHH,10.2174/138161207780414278,1,0
2,VHHANEN,10.2174/138161207780414278,1,0
3,VNPHDHQN,10.1021/jf00051a004,1,0
4,LVNPHDHQN,10.1021/jf00051a004,1,0
5,LLPHHADADY,10.1021/jf00051a004,1,0
6,VIPAGYP,10.1021/jf00051a004,1,0
7,LQSGDALRVPSGTTYY,10.1021/jf00051a004,1,0
8,VKL,10.2331/suisan.65.92,1,0
9,VVKL,10.2331/suisan.65.92,1,0
10,VKV,10.2331/suisan.65.92,1,0
11,PKAV,10.2331/suisan.65.92,1,0
12,IKL,10.2331/suisan.65.92,1,0
13,VPSGK,10.2331/suisan.65.92,1,0
14,EAK,10.2331/suisan.65.92,1,0
15,FVAGK,10.2331/suisan.65.92,1,0
16,KAI,10.2331/suisan.65.92,1,0
17,KVI,10.2331/suisan.65.92,1,0
18,KD,10.2331/suisan.65.92,1,0
19,LQPGQGQQ,10.2331/suisan.65.1096,1,0
20,YFYPEL,10.1016/S0955-2863(99)00083-2,1,0
21,FYPEL,10.1016/S0955-2863(99)00083-2,1,0
22,YPEL,10.1016/S0955-2863(99)00083-2,1,0
23,PEL,10.1016/S0955-2863(99)00083-2,1,0
24,EL,10.1016/S0955-2863(99)00083-2,1,0
25,LMSYMWSTSM,10.1007/s11746-001-0321-0,1,0
26,LELHKLRSSHWFSRR,10.1007/s11746-001-0321-0,1,0
27,PSHDAHPE,10.1046/j.1444-2906.2002.00442.x ,1,0
28,SHDAHPE,10.1046/j.1444-2906.2002.00442.x ,1,0
29,VDHDHPE,10.1046/j.1444-2906.2002.00442.x ,1,0
30,PKAVHE,10.1046/j.1444-2906.2002.00442.x ,1,0
31,PAGY,10.1046/j.1444-2906.2002.00442.x ,1,0
32,PHHADS,10.1046/j.1444-2906.2002.00442.x,1,0
33,VDYP,10.1046/j.1444-2906.2002.00442.x,1,0
34,LQPGQGQQG,10.3136/fstr.8.227,1,0
35,AQIPQQ,10.3136/fstr.8.227,1,0
36,YAEERYPIL,10.4315/0362-028X-67.9.1939,1,0
37,WYSLAMAASDI,10.1021/jf048626m,1,0
38,VAPFPGVFGK,10.1002/jsfa.2063,1,0
39,HLPLPL,10.1002/jsfa.2063,1,0
40,PPQ,10.1002/jsfa.2063,1,0
41,GPVRGPFPII,10.1002/jsfa.2063,1,0
42,NQE,10.1002/jsfa.2063,1,0
43,AKYIPIQYVLSRYPSY,10.1002/jsfa.2063,1,0
44,IPIQYVL,10.1002/jsfa.2063,1,0
45,PPK,10.1002/jsfa.2063,1,0
46,FDSGPAGVL,10.1016/j.lfs.2005.03.016,1,0
47,NGPLQAGQPGER,10.1016/j.lfs.2005.03.016,1,0
48,HGPLGPL,10.1021/jf048877v,1,0
49,NADFGLNGLEGLA,10.1016/j.jnutbio.2005.02.005,1,0
50,NGLEGLK,10.1016/j.jnutbio.2005.02.005,1,0
51,LGLNGDDVN,10.1007/s00217-005-0079-x,1,0
52,VKAGFAWTANQQLS,10.1016/j.procbio.2007.02.006,1,0
53,LVGDEQAVPAVCVP,10.1089/jmf.2006.101,1,0
54,ESTVPERTHPACPDFN,10.1016/j.jnutbio.2006.02.006,1,0
55,PSKYEPFV,10.1016/j.foodchem.2007.11.010,1,0
56,LKQELEDLLEKQE,10.1016/j.biortech.2007.08.018,1,0
57,VECYG,10.1016/j.biortech.2009.02.014,1,0
58,CYGPNR,10.1016/j.biortech.2009.02.014,1,0
59,PNRPQF,10.1016/j.biortech.2009.02.014,1,0
60,PLFQNKLAHAK,10.1016/j.jff.2011.05.006,1,0
61,AEAQKQLR,10.1016/j.jff.2011.05.006,1,0
62,LEELEEELEGCE,10.1016/j.biortech.2009.02.014,1,0
63,YA,10.1021/jf9028656,1,0
64,LMCH,10.1021/jf9028656,1,0
65,LPTSEAAKY,10.1016/j.foodchem.2010.02.013,1,0
66,PMDYMVT,10.1016/j.foodchem.2010.02.013,1,0
67,FRDEHKK,10.1016/j.foodchem.2009.06.015,1,0
68,KHNRGDEF,10.1016/j.foodchem.2009.06.015,1,0
69,YLYP,10.1021/jf950833m,1,0
70,LYPY,10.1021/jf950833m,1,0
71,LPYY,10.1021/jf950833m,1,0
72,PYY,10.1021/jf950833m,1,0
73,LHA,10.1021/jf021191n,1,0
74,LHD,10.1021/jf021191n,1,0
75,LHE,10.1021/jf021191n,1,0
76,LHF,10.1021/jf021191n,1,0
77,LHG,10.1021/jf021191n,1,0
78,LHI,10.1021/jf021191n,1,0
79,LHK,10.1021/jf021191n,1,0
80,LHL,10.1021/jf021191n,1,0
81,LHM,10.1021/jf021191n,1,0
82,LHN,10.1021/jf021191n,1,0
83,LHQ,10.1021/jf021191n,1,0
84,LHR,10.1021/jf021191n,1,0
85,LHS,10.1021/jf021191n,1,0
86,LHT,10.1021/jf021191n,1,0
87,LHV,10.1021/jf021191n,1,0
88,LHW,10.1021/jf021191n,1,0
89,LHY,10.1021/jf021191n,1,0
90,LWA,10.1021/jf021191n,1,0
91,LWD,10.1021/jf021191n,1,0
92,LWE,10.1021/jf021191n,1,0
93,LWF,10.1021/jf021191n,1,0
94,LWG,10.1021/jf021191n,1,0
95,LWH,10.1021/jf021191n,1,0
96,LWI,10.1021/jf021191n,1,0
97,LWK,10.1021/jf021191n,1,0
98,LWM,10.1021/jf021191n,1,0
99,LWN,10.1021/jf021191n,1,0
100,LWQ,10.1021/jf021191n,1,0
101,LWR,10.1021/jf021191n,1,0
102,LWS,10.1021/jf021191n,1,0
103,LWT,10.1021/jf021191n,1,0
104,LWV,10.1021/jf021191n,1,0
105,LWW,10.1021/jf021191n,1,0
106,LWY,10.1021/jf021191n,1,0
107,PHA,10.1021/jf021191n,1,0
108,PHD,10.1021/jf021191n,1,0
109,PHE,10.1021/jf021191n,1,0
110,PHF,10.1021/jf021191n,1,0
111,PHG,10.1021/jf021191n,1,0
112,PHI,10.1021/jf021191n,1,0
113,PHK,10.1021/jf021191n,1,0
114,PHL,10.1021/jf021191n,1,0
115,PHM,10.1021/jf021191n,1,0
116,PHN,10.1021/jf021191n,1,0
117,PHQ,10.1021/jf021191n,1,0
118,PHR,10.1021/jf021191n,1,0
119,PHS,10.1021/jf021191n,1,0
120,PHT,10.1021/jf021191n,1,0
121,PHV,10.1021/jf021191n,1,0
122,PHW,10.1021/jf021191n,1,0
123,PHY,10.1021/jf021191n,1,0
124,PWA,10.1021/jf021191n,1,0
125,PWD,10.1021/jf021191n,1,0
126,PWE,10.1021/jf021191n,1,0
127,PWF,10.1021/jf021191n,1,0
128,PWG,10.1021/jf021191n,1,0
129,PWH,10.1021/jf021191n,1,0
130,PWI,10.1021/jf021191n,1,0
131,PWL,10.1021/jf021191n,1,0
132,PWN,10.1021/jf021191n,1,0
133,PWQ,10.1021/jf021191n,1,0
134,PWR,10.1021/jf021191n,1,0
135,PWS,10.1021/jf021191n,1,0
136,PWT,10.1021/jf021191n,1,0
137,PWV,10.1021/jf021191n,1,0
138,PWW,10.1021/jf021191n,1,0
139,PWY,10.1021/jf021191n,1,0
140,RHA,10.1021/jf021191n,1,0
141,RHD,10.1021/jf021191n,1,0
142,RHE,10.1021/jf021191n,1,0
143,RHF,10.1021/jf021191n,1,0
144,RHG,10.1021/jf021191n,1,0
145,RHH,10.1021/jf021191n,1,0
146,RHI,10.1021/jf021191n,1,0
147,RHK,10.1021/jf021191n,1,0
148,RHL,10.1021/jf021191n,1,0
149,RHM,10.1021/jf021191n,1,0
150,RHN,10.1021/jf021191n,1,0
151,RHQ,10.1021/jf021191n,1,0
152,RNR,10.1021/jf021191n,1,0
153,RHS,10.1021/jf021191n,1,0
154,RHT,10.1021/jf021191n,1,0
155,RHV,10.1021/jf021191n,1,0
156,RHW,10.1021/jf021191n,1,0
157,RHY,10.1021/jf021191n,1,0
158,RWA,10.1021/jf021191n,1,0
159,RWE,10.1021/jf021191n,1,0
160,RWG,10.1021/jf021191n,1,0
161,RWH,10.1021/jf021191n,1,0
162,RWI,10.1021/jf021191n,1,0
163,RWL,10.1021/jf021191n,1,0
164,RWN,10.1021/jf021191n,1,0
165,RWR,10.1021/jf021191n,1,0
166,RWT,10.1021/jf021191n,1,0
167,RWW,10.1021/jf021191n,1,0
168,RWQ,10.1021/jf021191n,1,0
169,RWY,10.1021/jf021191n,1,0
170,HEH,10.1021/jf021191n,1,0
171,HDH,10.1021/jf021191n,1,0
172,AHH,10.1021/jf021191n,1,0
173,IHH,10.1021/jf021191n,1,0
174,FHH,10.1021/jf021191n,1,0
175,WHH,10.1021/jf021191n,1,0
176,YHH,10.1021/jf021191n,1,0
177,HYH,10.1021/jf021191n,1,0
178,HFH,10.1021/jf021191n,1,0
179,HWH,10.1021/jf021191n,1,0
180,HHF,10.1021/jf021191n,1,0
181,HHW,10.1021/jf021191n,1,0
182,HHY,10.1021/jf021191n,1,0
183,GHH,10.1021/jf021191n,1,0
184,NHH,10.1021/jf021191n,1,0
185,QHH,10.1021/jf021191n,1,0
186,MHH,10.1021/jf021191n,1,0
187,SHH,10.1021/jf021191n,1,0
188,THH,10.1021/jf021191n,1,0
189,DYY,10.1021/jf021191n,1,0
190,EYY,10.1021/jf021191n,1,0
191,YDY,10.1021/jf021191n,1,0
192,YEY,10.1021/jf021191n,1,0
193,YYD,10.1021/jf021191n,1,0
194,YYE,10.1021/jf021191n,1,0
195,HYY,10.1021/jf021191n,1,0
196,KYY,10.1021/jf021191n,1,0
197,RYY,10.1021/jf021191n,1,0
198,YHY,10.1021/jf021191n,1,0
199,YKY,10.1021/jf021191n,1,0
200,YRY,10.1021/jf021191n,1,0
201,YYR,10.1021/jf021191n,1,0
202,YYH,10.1021/jf021191n,1,0
203,YYK,10.1021/jf021191n,1,0
204,AYY,10.1021/jf021191n,1,0
205,IYY,10.1021/jf021191n,1,0
206,LYY,10.1021/jf021191n,1,0
207,VYY,10.1021/jf021191n,1,0
208,YAY,10.1021/jf021191n,1,0
209,YIY,10.1021/jf021191n,1,0
210,YLY,10.1021/jf021191n,1,0
211,YVY,10.1021/jf021191n,1,0
212,YYA,10.1021/jf021191n,1,0
213,YYI,10.1021/jf021191n,1,0
214,YYL,10.1021/jf021191n,1,0
215,YYV,10.1021/jf021191n,1,0
216,WYY,10.1021/jf021191n,1,0
217,YYY,10.1021/jf021191n,1,0
218,YFY,10.1021/jf021191n,1,0
219,YWY,10.1021/jf021191n,1,0
220,YYF,10.1021/jf021191n,1,0
221,YYW,10.1021/jf021191n,1,0
222,GYY,10.1021/jf021191n,1,0
223,NYY,10.1021/jf021191n,1,0
224,QYY,10.1021/jf021191n,1,0
225,YGY,10.1021/jf021191n,1,0
226,YNY,10.1021/jf021191n,1,0
227,YQY,10.1021/jf021191n,1,0
228,YYG,10.1021/jf021191n,1,0
229,YYN,10.1021/jf021191n,1,0
230,YYQ,10.1021/jf021191n,1,0
231,MYY,10.1021/jf021191n,1,0
232,YMY,10.1021/jf021191n,1,0
233,YYM,10.1021/jf021191n,1,0
234,SYY,10.1021/jf021191n,1,0
235,TYY,10.1021/jf021191n,1,0
236,YSY,10.1021/jf021191n,1,0
237,YTY,10.1021/jf021191n,1,0
238,YYS,10.1021/jf021191n,1,0
239,YYT,10.1021/jf021191n,1,0
240,YCY,10.1021/jf021191n,1,0
241,YPFPG,10.1080/10715760903137101,1,0
242,RPPGFSPFR,10.1080/10715760903137101,1,0
243,NRVYIHPFHLLVYS,10.1080/10715760903137101,1,0
244,VQYPVEHPNKFLKFGMTPSKGVLFY,10.1080/10715760903137101,1,0
245,RPDFDLEPPY,10.1007/s00217-004-0882-9,1,0
246,LPHSGY,10.1016/j.foodres.2004.07.005,1,0
247,PR,10.1111/j.1745-4514.2008.00190.x ,1,0
248,PVSHDHAPEY,10.1016/j.foodres.2009.02.014,1,0
249,PSDHDHE,10.1016/j.foodres.2009.02.014,1,0
250,VHDY,10.1016/j.foodres.2009.02.014,1,0
251,LARL,10.1016/j.foodchem.2009.05.021,1,0
252,GGE,10.1016/j.foodchem.2009.05.021,1,0
253,GAH,10.1016/j.foodchem.2009.05.021,1,0
254,GAWA,10.1016/j.foodchem.2009.05.021,1,0
255,PHYL,10.1016/j.foodchem.2009.05.021,1,0
256,GALAAH,10.1016/j.foodchem.2009.05.021,1,0
257,DPALATEPDPMPF,10.1016/j.jff.2010.02.001,1,0
258,ACFL,10.1016/j.peptides.2011.05.020,1,0
259,FLNDFLHV,10.1016/j.foodchem.2013.09.136,1,0
260,WEGPK,10.1016/j.foodres.2014.08.038,1,0
261,GPP,10.1016/j.foodres.2014.08.038,1,0
262,GVPLT,10.1016/j.foodres.2014.08.038,1,0
263,GSGGL,10.1016/j.foodres.2014.08.038,1,0
264,GPGGFI,10.1016/j.foodres.2014.08.038,1,0
265,FIGP,10.1016/j.foodres.2014.08.038,1,0
266,AMTGLDA,10.1007/s10068-011-0147-x,1,0
267,NHRYDR,10.1016/j.peptides.2011.05.020,1,0
268,GNRGFACRHA,10.1016/j.peptides.2011.05.020,1,0
269,VKEAMPK,10.1021/jf0003911,1,0
270,VLPVPQK,10.1021/jf0003911,1,0
271,MHIRL,10.1016/j.idairyj.2006.06.005,1,0
272,YVEEL,10.1016/j.idairyj.2006.06.005,1,0
273,YGYTGA,10.1016/j.foodchem.2010.11.146,1,0
274,ISELGW,10.1016/j.foodchem.2010.11.146,1,0
275,YVAQGEGVVA,10.1007/s00217-008-0962-3,1,0
276,WSRRGEREEEDERRR,10.1007/s00217-008-0962-3,1,0
277,HGGEGGRPYHLGEES,10.1007/s00217-008-0962-3,1,0
278,VAVDKHDYEPLGHSDIGVY,10.1007/s00217-008-0962-3,1,0
279,FFAPGRNPTSFS,10.1007/s00217-008-0962-3,1,0
280,EEYFPVGGDRPESF,10.1007/s00217-008-0962-3,1,0
281,WEIKPSSLTGKSPYFSNNHGKL,10.1007/s00217-008-0962-3,1,0
282,YLAGMN,10.1007/s00217-008-0962-3,1,0
283,IAPNYNTRATKL,10.1007/s00217-008-0962-3,1,0
284,IIENGEKWS,10.1007/s00217-008-0962-3,1,0
285,LVDTGRGPIMY,10.1007/s00217-008-0962-3,1,0
286,EEEQVGQGYETIRARL,10.1007/s00217-008-0962-3,1,0
287,FVAPAGTINY,10.1007/s00217-008-0962-3,1,0
288,YEADARSFHDLAEHDIRV,10.1007/s00217-008-0962-3,1,0
289,LRGIKNYRVAVL,10.1007/s00217-008-0962-3,1,0
290,AAVGGYRVAVL,10.1007/s00217-008-0962-3,1,0
291,NHAV,10.1016/j.foodchem.2010.05.089,1,0
292,HVRETALV,10.1016/j.foodchem.2010.05.089,1,0
293,SVYT,10.1016/j.jff.2013.11.005,1,0
294,WYT,10.1016/j.jff.2013.11.005,1,0
295,WSY,10.1016/j.jff.2013.11.005,1,0
296,LNGDVW,10.1016/j.fct.2012.04.022,1,0
297,TY,10.1021/jf101556n,1,0
298,VY,10.1021/jf101556n,1,0
299,NYKQM,10.1021/jf101556n,1,0
300,YSTA,10.1021/jf101556n,1,0
301,YFE,10.1021/jf101556n,1,0
302,SWN,10.1021/jf101556n,1,0
303,HVCYMF,10.1021/jf101556n,1,0
304,MWL,10.1021/jf101556n,1,0
305,HDHPVC,10.3390/md13052580,1,0
306,HEKVC,10.3390/md13052580,1,0
307,QWPAQ,10.3390/md13052580,1,0
308,GFRGTIGLVG,10.3390/md11114641,1,0
309,GPAGPAG,10.3390/md11114641,1,0
310,GFPSG,10.3390/md11114641,1,0
311,YPPAK,10.3390/md11114641,1,0
312,TCSP,10.1016/j.ijbiomac.2011.09.009,1,0
313,TGGGNV,10.1016/j.ijbiomac.2011.09.009,1,0
314,ESTTVPERTHPACPDFN,10.1016/j.foodchem.2013.06.113,1,0
315,LLGPGLTNHA,10.1016/j.procbio.2009.04.003,1,0
316,DLGLGLPGAH,10.1016/j.procbio.2009.04.003,1,0
317,FLQEFLHV,10.1016/j.foodchem.2013.09.136,1,0
318,KTFCGRH,10.1016/j.peptides.2012.03.028,1,0
319,EWPAQ,10.1016/j.foodres.2013.11.018,1,0
320,FLHRP,10.3390/md13052580,1,0
321,LMGQW,10.3390/md13052580,1,0
322,LDK,10.3390/md13052580,1,0
323,PVMGA,10.1016/j.foodchem.2013.08.099,1,0
324,QHGV,10.1016/j.foodchem.2013.08.099,1,0
325,VCSV,10.1016/j.fct.2012.10.058,1,0
326,CAAP,10.1016/j.fct.2012.10.058,1,0
327,SVEIQALCDM,10.1016/j.procbio.2012.10.016,1,0
328,MQFHT,BIOPEP-UWM,1,0
329,PHCKRM,BIOPEP-UWM,1,0
330,VKEAMAPK,10.1021/jf0003911,1,0
331,ARHPHPHLSFM,10.2174/138161207780363112,1,0
332,IKK,10.1007/s101269900002,1,0
333,FKK,10.1007/s101269900002,1,0
334,FIKK,10.1007/s101269900002,1,0
335,AY,10.3136/fstr.8.357,1,0
336,ADF,10.3136/fstr.8.357,1,0
337,SDF,10.3136/fstr.8.357,1,0
338,FGHPY, 10.1007/s00217-004-1074-3,1,0
339,TTYY,10.1007/s00217-009-1093-1,1,0
340,LY,10.1007/s00217-009-1093-1,1,0
341,IY,10.1007/s00217-009-1093-1,1,0
342,YQEP,10.3168/jds.S0022-0302(06)72370-0,1,0
343,YQEPVLGP,10.3168/jds.S0022-0302(06)72370-0,1,0
344,SALAM,10.4315/0362-028X-67.9.1939,1,0
345,YQIGL,10.4315/0362-028X-67.9.1939,1,0
346,YRGGLEPINF,10.4315/0362-028X-67.9.1939,1,0
347,FRADHPFL,10.4315/0362-028X-67.9.1939,1,0
348,RADHPFL,10.4315/0362-028X-67.9.1939,1,0
349,YPI,10.4315/0362-028X-67.9.1939,1,0
350,YPIL,10.4315/0362-028X-67.9.1939,1,0
351,RADHPF,10.4315/0362-028X-67.9.1939,1,0
352,RADHP,10.4315/0362-028X-67.9.1939,1,0
353,ADHP,10.4315/0362-028X-67.9.1939,1,0
354,QVVPYPQ,10.1016/j.idairyj.2005.12.012,1,0
355,HQIYPV,10.1016/j.idairyj.2005.12.012,1,0
356,PYPQ,10.1016/j.idairyj.2005.12.012,1,0
357,WSVPQPK,10.1016/j.idairyj.2005.12.012,1,0
358,IYPF,10.1016/j.idairyj.2005.12.012,1,0
359,WY,10.1021/jf063427j,1,0
360,WYS,10.1021/jf063427j,1,0
361,WYSL,10.1021/jf063427j,1,0
362,WYSLA,10.1021/jf063427j,1,0
363,WYSLAM,10.1021/jf063427j,1,0
364,WYSLAMA,10.1021/jf063427j,1,0
365,MY,10.1093/jn/136.8.2148,1,0
366,LQGM,10.1016/j.foodchem.2006.07.002,1,0
367,QGAR,10.1016/j.foodchem.2006.07.002,1,0
368,FPLEMMPF,10.1007/s00253-006-0537-9,1,0
369,LNLPTAVYMVT,10.1089/jmf.2007.0114,1,0
370,YGGFL,10.1124/mol.61.2.260,1,0
371,YGGFM,10.1124/mol.61.2.260,1,0
372,DRVYIHPFHL,BIOPEP-UWM,1,0
373,DRVYIHPF,BIOPEP-UWM,1,0
374,LEQQVDDLEGSLEQEKK,10.1089/jmf.2006.169,1,0
375,AIRQGDVF,10.1111/j.1365-2621.2006.01379.x ,1,0
376,VLEANPRSF,10.1111/j.1365-2621.2006.01379.x ,1,0
377,YFPVGGDRPESF,10.1111/j.1365-2621.2006.01379.x ,1,0
378,IQY,10.1051/lait:2007019,1,0
379,YVL,10.1051/lait:2007019,1,0
380,FALPQYLK,10.1051/lait:2007019,1,0
381,PYVRYL,10.1051/lait:2007019,1,0
382,TIIPLPV,10.1007/s00217-009-1203-0,1,0
383,WPL,10.1016/j.foodchem.2009.05.024,1,0
384,VPW,10.1016/j.foodchem.2009.05.024,1,0
385,VFPW,10.1016/j.foodchem.2009.05.024,1,0
386,PW,10.1016/j.foodchem.2009.05.024,1,0
387,HNPI,10.1016/j.foodchem.2010.11.146,1,0
388,QYDQGV,10.1016/j.peptides.2010.02.016,1,0
389,YEDCTDCGN,10.1016/j.peptides.2010.02.016,1,0
390,AADNANELFPPN,10.1016/j.peptides.2010.02.016,1,0
391,AMRLTYNRPCIYAT,10.1016/j.freeradbiomed.2010.01.036,1,0
392,AMRLTGNRPGLYAT,10.1016/j.freeradbiomed.2010.01.036,1,0
393,AMRLTYNRPCLGAT,10.1016/j.freeradbiomed.2010.01.036,1,0
394,SIITMTKEAKLPQLWKQIACRLYNTC,10.1074/mcp.M800297-MCP200,1,0
395,FRSGILKLASKIPSVLCAVLKNC,10.1074/mcp.M800297-MCP200,1,0
396,AKAWGIPPHVIPQIVPVRIRPLCGNV,10.1074/mcp.M800297-MCP200,1,0
397,FIPGLRRLFATVVPTVVCAINKLPPG,10.1074/mcp.M800297-MCP200,1,0
398,DDPDKGMLKWKNDFFQEF,10.1074/mcp.M800297-MCP200,1,0
399,GFFDRIKALTKNVTLELLNTITCKLPVTPP,10.1074/mcp.M800297-MCP200,1,0
400,CVHWMTNTARTACIAP,10.1074/mcp.M800297-MCP200,1,0
401,AMRLTYNKPCLYGT,10.1074/mcp.M800297-MCP200,1,0
402,IRW,10.1016/j.foodchem.2010.04.083,1,0
403,RW,10.1016/j.foodchem.2010.04.083,1,0
404,IANNEADAISLDGGQVFEAG,10.1021/jf101323y,1,0
405,PIAAEVYEHTEGSTTSY,10.1021/jf101323y,1,0
406,AGWNIPIGT,10.1021/jf101323y,1,0
407,AGWNIP,10.1021/jf101323y,1,0
408,AGWNI,10.1021/jf101323y,1,0
409,WNIP,10.1021/jf101323y,1,0
410,AIEWEGIESGSVEQA,10.1021/jf101323y,1,0
411,LGFEY,10.1021/jf101323y,1,0
412,LGFEYY,10.1021/jf101323y,1,0
413,VIPMGL,10.1021/jf101323y,1,0
414,GWNIP,10.1021/jf101323y,1,0
415,GWNI,10.1021/jf101323y,1,0
416,VPYPQ,10.1016/j.foodchem.2010.11.146,1,0
417,VPNSYP,10.1016/j.foodchem.2010.11.146,1,0
418,NPYVPR,10.1016/j.foodchem.2010.11.146,1,0
419,WISELG,10.1016/j.foodchem.2010.11.146,1,0
420,WISELGW,10.1016/j.foodchem.2010.11.146,1,0
421,ISELWG,10.1016/j.foodchem.2010.11.146,1,0
422,ISELGF,10.1016/j.foodchem.2010.11.146,1,0
423,ISELGY,10.1016/j.foodchem.2010.11.146,1,0
424,GPLGLLGFLGPLGLS,10.1016/j.foodchem.2010.08.058,1,0
425,QLGNLGV,10.1016/j.peptides.2011.01.009,1,0
426,SVMPVVA,10.1016/j.peptides.2011.01.009,1,0
427,FLKPLFNAALKLLP,10.1007/s10989-014-9416-x,1,0
428,VKP,10.3390/molecules190913587,1,0
429,VKCFR,10.3390/molecules190913587,1,0
430,PYFNK,10.1016/j.foodchem.2014.07.117,1,0
431,VLYEE,10.1016/j.foodchem.2014.07.117,1,0
432,YLMSR,10.1016/j.foodchem.2014.07.117,1,0
433,MILMR,10.1016/j.foodchem.2014.07.117,1,0
434,HMPVTK,10.1016/j.foodchem.2014.06.113,1,0
435,TERGY,10.1016/j.foodchem.2014.06.113,1,0
436,TEFTK,10.1016/j.foodchem.2014.06.113,1,0
437,TDY,10.1016/j.foodchem.2014.06.113,1,0
438,NHK,10.1016/j.foodchem.2014.06.113,1,0
439,LVSK,10.1016/j.foodchem.2014.06.113,1,0
440,WHNVSGSP,10.1016/j.foodchem.2014.06.113,1,0
441,FDEQE,10.1016/j.foodchem.2014.06.113,1,0
442,WDDMEK,10.1016/j.foodchem.2014.06.113,1,0
443,MEMK,10.1016/j.foodchem.2014.06.113,1,0
444,LDY,10.1016/j.foodchem.2014.06.113,1,0
445,YWVTSGPK,10.1016/j.foodchem.2014.06.113,1,0
446,LYEGY,10.1016/j.foodchem.2014.06.113,1,0
447,VAMVPPFET,10.1016/j.foodchem.2014.06.113,1,0
448,YSEMPPGK,10.1016/j.foodchem.2014.06.113,1,0
449,FHNMEK,10.1016/j.foodchem.2014.06.113,1,0
450,TW,10.1016/j.foodchem.2014.06.113,1,0
451,AW,10.1016/j.foodchem.2014.06.113,1,0
452,VW,10.1016/j.foodchem.2014.06.113,1,0
453,LW,10.1016/j.foodchem.2014.06.113,1,0
454,VPKNYFHDIV,10.1016/j.lwt.2014.07.046,1,0
455,FVNQPYLLYSVHMK,10.1016/j.lwt.2014.07.046,1,0
456,LVMFLDNQHRVIRH,10.1016/j.lwt.2014.07.046,1,0
457,YAKPA,10.1016/j.foodchem.2014.05.082,1,0
458,GTQY,10.1016/j.foodchem.2014.05.082,1,0
459,ARHPHP,10.1016/j.foodchem.2014.05.082,1,0
460,RHPHP,10.1016/j.foodchem.2014.05.082,1,0
461,RYPS,10.1016/j.foodchem.2014.05.082,1,0
462,SRYPS,10.1016/j.foodchem.2014.05.082,1,0
463,AYPS,10.1016/j.foodchem.2014.05.082,1,0
464,YAKP,10.1016/j.foodchem.2014.05.082,1,0
465,RYQ,10.1016/j.foodchem.2014.05.082,1,0
466,VLSRYPS,10.1016/j.foodchem.2014.05.082,1,0
467,TIASGEP,10.1016/j.foodchem.2014.05.082,1,0
468,YQLD,10.1016/j.foodchem.2014.05.082,1,0
469,GYLEQ,10.1016/j.foodchem.2014.05.082,1,0
470,RDMPIQ,10.1016/j.foodchem.2014.05.082,1,0
471,YPELF,10.1016/j.foodchem.2014.05.082,1,0
472,RLKKY,10.1016/j.foodchem.2014.05.082,1,0
473,YLKT,10.1016/j.foodchem.2014.05.082,1,0
474,TVYQ,10.1016/j.foodchem.2014.05.082,1,0
475,LLR,10.1016/j.foodchem.2014.05.082,1,0
476,YGLN,10.1016/j.foodchem.2014.05.082,1,0
477,YQKFP,10.1016/j.foodchem.2014.05.082,1,0
478,YQL,10.1016/j.foodchem.2014.05.082,1,0
479,YIPIQY,10.1016/j.foodchem.2014.05.082,1,0
480,FYQL,10.1016/j.foodchem.2014.05.082,1,0
481,YVGD,10.3136/fstr.19.1029,1,0
482,LGNTDYAVH,10.3136/fstr.19.1029,1,0
483,DHG,10.1016/j.jff.2014.12.011,1,0
484,VGDI,10.1016/j.jff.2014.12.011,1,0
485,DHTKE,10.1016/j.foodchem.2014.11.142,1,0
486,FFGFN,10.1016/j.foodchem.2014.11.142,1,0
487,MPDAHL,10.1016/j.foodchem.2014.11.142,1,0
488,ALEPDHR,10.1016/j.foodchem.2015.02.046,1,0
489,TETWNPNHPEL,10.1016/j.foodchem.2015.02.046,1,0
490,FVPH,10.1016/j.foodchem.2015.02.046,1,0
491,SAEHGSLH,10.1016/j.foodchem.2015.02.046,1,0
492,LSGYGP,10.1016/j.jff.2012.09.006,1,0
493,PYSFK,10.1016/j.jff.2015.04.042,1,0
494,GFGPEL,10.1016/j.jff.2015.04.042,1,0
495,VGGRP,10.1016/j.jff.2015.04.042,1,0
496,VVGGDGDV,10.1016/j.jff.2015.01.011,1,0
497,VPVTST,10.1016/j.jff.2015.01.011,1,0
498,LTTLDSE,10.1016/j.jff.2015.01.011,1,0
499,STMMEERRMKVY,10.1111/ijfs.12130 ,1,0
500,DVFRELRVQ,10.1111/ijfs.12130 ,1,0
501,EERYP,10.1016/j.foodchem.2015.05.014,1,0
502,AEERYP,10.1016/j.foodchem.2015.05.014,1,0
503,DEDTQAMP,10.1016/j.foodchem.2015.05.014,1,0
504,PVDENDEG,10.1016/j.foodchem.2015.05.014,1,0
505,YLGAK,10.1016/j.foodchem.2015.05.014,1,0
506,GGLEPINFN,10.1016/j.foodchem.2015.05.014,1,0
507,GGIF,10.1016/j.foodres.2014.04.041,1,0
508,GVQEGAGHYALL,10.1016/j.foodres.2014.04.041,1,0
509,WPP,10.1016/j.jff.2015.03.045,1,0
510,YYIVS,10.1016/j.jff.2014.02.012,1,0
511,TYQTF,10.1016/j.jff.2014.02.012,1,0
512,SGQYFL,10.1016/j.jff.2014.02.012,1,0
513,YYDPL,10.1016/j.jff.2014.02.012,1,0
514,WDR,10.1016/j.foodchem.2014.07.117,1,0
515,GIISHR,10.1016/j.jff.2013.10.004,1,0
516,ELLI,10.1016/j.jff.2013.10.004,1,0
517,KFPE,10.1016/j.jff.2013.10.004,1,0
518,LPF,10.1016/j.jff.2013.08.013,1,0
519,LLPF,10.1016/j.jff.2013.08.013,1,0
520,FLPF,10.1016/j.jff.2013.08.013,1,0
521,LANAK,10.1016/j.bionut.2014.04.006,1,0
522,PSLVGRPPVGKLTL,10.1016/j.bionut.2014.04.006,1,0
523,VKVLLEHPVL,10.1016/j.bionut.2014.04.006,1,0
524,SNAAC,10.1016/j.foodres.2013.12.001,1,0
525,AEEEYPDL,10.1016/j.foodres.2013.12.001,1,0
526,WG,10.12944/CRNFSJ.4.Special-Issue-October.10,1,0
527,QYP,10.1016/j.foodchem.2015.08.089,1,0
528,HYVPV,10.12944/CRNFSJ.4.Special-Issue-October.10,1,0
529,MK,10.12944/CRNFSJ.4.Special-Issue-October.10,1,0
530,MM,10.12944/CRNFSJ.4.Special-Issue-October.10,1,0
531,AH,10.12944/CRNFSJ.4.Special-Issue-October.10,1,0
532,VAWRNRCKGTD,10.1007/s00217-016-2677-1,1,0
533,IRGCRL,10.1007/s00217-016-2677-1,1,0
534,WIRGCRL,10.1007/s00217-016-2677-1,1,0
535,AWIRGCRL,10.1007/s00217-016-2677-1,1,0
536,WRNRCKGTD,10.1007/s00217-016-2677-1,1,0
537,IQW,10.1016/j.jff.2014.12.028,1,0
538,LTC,10.1007/s13594-015-0226-5,1,0
539,GTW,10.1007/s13594-015-0226-5,1,0
540,YLL,10.1007/s13594-015-0226-5,1,0
541,LFC,10.1007/s13594-015-0226-5,1,0
542,CME,10.1007/s13594-015-0226-5,1,0
543,QKW,10.1007/s13594-015-0226-5,1,0
544,WEN,10.1007/s13594-015-0226-5,1,0
545,LAC,10.1007/s13594-015-0226-5,1,0
546,ACQ,10.1007/s13594-015-0226-5,1,0
547,CQC,10.1007/s13594-015-0226-5,1,0
548,QCL,10.1007/s13594-015-0226-5,1,0
549,GEC,10.1007/s13594-015-0226-5,1,0
550,ECA,10.1007/s13594-015-0226-5,1,0
551,CAQ,10.1007/s13594-015-0226-5,1,0
552,CLV,10.1007/s13594-015-0226-5,1,0
553,NEN,10.1007/s13594-015-0226-5,1,0
554,LPM,10.1007/s13594-015-0226-5,1,0
555,MHI,10.1007/s13594-015-0226-5,1,0
556,DYK,10.1007/s13594-015-0226-5,1,0
557,KKY,10.1007/s13594-015-0226-5,1,0
558,KYL,10.1007/s13594-015-0226-5,1,0
559,EQC,10.1007/s13594-015-0226-5,1,0
560,QCH,10.1007/s13594-015-0226-5,1,0
561,CHI,10.1007/s13594-015-0226-5,1,0
562,CSQAPLA,10.1016/j.foodchem.2016.02.119,1,0
563,WYGPD,10.3390/ijms161226155,1,0
564,KLSDW,10.3390/ijms161226155,1,0
565,KGLWE,10.3390/ijms161226155,1,0
566,DLEE,10.1016/j.foodchem.2015.08.101,1,0
567,TEVWDSNEQ,10.1016/j.foodchem.2015.11.092,1,0
568,IYIEQGNGITGM,10.1016/j.foodchem.2015.11.092,1,0
569,YLAGKPQQEH,10.1016/j.foodchem.2015.11.092,1,0
570,AWEEREQGSR,10.1016/j.foodchem.2015.11.092,1,0
571,ADGF,10.1016/j.jff.2017.12.003,1,0
572,AGGF,10.1016/j.jff.2017.12.003,1,0
573,AWDPE,10.1016/j.jff.2017.12.003,1,0
574,DWDPK,10.1016/j.jff.2017.12.003,1,0
575,ETTL,10.1016/j.jff.2017.12.003,1,0
576,SGAF,10.1016/j.jff.2017.12.003,1,0
577,FC,10.1016/j.foodchem.2014.09.022,1,0
578,VKRRGQDCIHGFCSD,10.2174/0929866522666150630104815,1,0
579,GQFNDKRWIPFG,10.2174/0929866522666150630104815,1,0
580,APIRMWYMYRKLTDMEPKPVA,10.2174/0929866522666150630104815,1,0
581,VLVPK,10.1016/j.foodchem.2018.01.033,1,0
582,KDVPP,10.1016/j.foodchem.2018.01.033,1,0
583,GQVPP,10.1016/j.foodchem.2018.01.033,1,0
584,PKLPPVKK,10.1016/j.foodchem.2018.01.033,1,0
585,DGVVYY,10.1016/j.foodchem.2018.01.033,1,0
586,IVEYF,10.1016/j.foodchem.2018.01.033,1,0
587,GFYPPP,10.1016/j.foodchem.2018.01.033,1,0
588,DVPPYM,10.1016/j.foodchem.2018.01.033,1,0
589,PGVPWP,10.1016/j.foodchem.2018.01.033,1,0
590,RYLGY,10.1016/j.idairyj.2013.05.008,1,0
591,RY,10.1016/j.idairyj.2013.05.008,1,0
592,RYL,10.1016/j.idairyj.2013.05.008,1,0
593,RYLG,10.1016/j.idairyj.2013.05.008,1,0
594,YLG,10.1016/j.idairyj.2013.05.008,1,0
595,YLGY,10.1016/j.idairyj.2013.05.008,1,0
596,LGY,10.1016/j.idairyj.2013.05.008,1,0
597,AYFYPEL,10.1016/j.idairyj.2013.05.008,1,0
598,AYFYPE,10.1016/j.idairyj.2013.05.008,1,0
599,YQKFPQY,10.1016/j.idairyj.2013.05.008,1,0
600,YQK,10.1016/j.idairyj.2013.05.008,1,0
601,FPQY,10.1016/j.idairyj.2013.05.008,1,0
602,VAGTWY,10.1016/j.jff.2014.04.002,1,0
603,VYPFPGPIPN,10.1007/s00217-012-1894-5,1,0
604,YQEPVLGPVRGPFPIIV,10.1007/s00217-012-1894-5,1,0
605,VPKVK,10.3168/jds.S0022-0302(06)72370-0,1,0
606,SCH,10.1016/j.procbio.2013.04.013,0,1
607,DHHQ,10.1021/jf062387g,0,1
608,DHHQVYSPGEQ,10.1021/jf062387g,0,1
609,DAHK,10.1021/jf062387g,0,1
610,DHHK,10.1021/jf062387g,0,1
611,LPWRPATNVF,10.3390/molecules21010072,0,1
612,AWFS,10.3390/molecules21010072,0,1
613,YGIKVGYAIP,10.3390/molecules21010072,0,1
614,YLLLK,10.1016/j.foodres.2014.04.041,0,1
615,WAFS,10.1016/j.foodres.2014.04.041,0,1
616,FFRSKLLSDGAAAKGALLPQYW,10.1016/j.jff.2016.01.011,0,1
617,WNLNAN,10.1007/s00217-009-1093-1,0,0
618,SLDFPALW,10.1007/s00217-009-1093-1,0,0
619,FESFFL,10.1007/s00217-009-1093-1,0,0
620,FQTLF,10.1007/s00217-009-1093-1,0,0
621,SYLQGF,10.1007/s00217-009-1093-1,0,0
622,LFF,10.1007/s00217-009-1093-1,0,0
623,VLLPDEVSGL,10.4315/0362-028X-67.9.1939,0,0
624,RDILNQ,10.4315/0362-028X-67.9.1939,0,0
625,ESIINF,10.4315/0362-028X-67.9.1939,0,0
626,VALDGGL,10.4315/0362-028X-67.9.1939,0,0
627,DLIN,10.4315/0362-028X-67.9.1939,0,0
628,IVF,10.4315/0362-028X-67.9.1939,0,0
629,FSL,10.4315/0362-028X-67.9.1939,0,0
630,PP,10.4315/0362-028X-67.9.1939,0,0
631,SVPQPK,10.1016/j.idairyj.2005.12.012,0,0
632,EVPKA,10.1016/j.idairyj.2005.12.012,0,0
633,PLAQPA,10.1016/j.foodchem.2010.11.146,0,0
634,LLNPT,10.1016/j.idairyj.2005.12.012,0,0
635,HLPLP,10.1016/j.idairyj.2005.12.012,0,0
636,VLPIPQ,10.1016/j.idairyj.2005.12.012,0,0
637,LWL,10.1021/jf021191n,0,0
638,PWK,10.1021/jf021191n,0,0
639,PWM,10.1021/jf021191n,0,0
640,RWD,10.1021/jf021191n,0,0
641,RWF,10.1021/jf021191n,0,0
642,RWK,10.1021/jf021191n,0,0
643,RWM,10.1021/jf021191n,0,0
644,RWS,10.1021/jf021191n,0,0
645,RWV,10.1021/jf021191n,0,0
646,FSDKIAK,10.1051/lait:2007019,0,0
647,EIPT,10.1051/lait:2007019,0,0
648,VQVTSTAV,10.1051/lait:2007019,0,0
649,RINKK,10.1051/lait:2007019,0,0
650,RINK,10.1051/lait:2007019,0,0
651,LKKISQ,10.1051/lait:2007019,0,0
652,PLAPQA,10.1016/j.foodchem.2010.11.146,0,0
653,VPVQA,10.1016/j.foodchem.2010.11.146,0,0
654,IR,10.1016/j.foodchem.2010.04.083,0,0
655,LKP,10.1016/j.foodchem.2010.04.083,0,0
656,LK,10.1016/j.foodchem.2010.04.083,0,0
657,KP,10.1016/j.foodchem.2010.04.083,0,0
658,LSKAQSDFG,10.1021/jf101323y,0,0
659,LVEKGDVAFI,10.1021/jf101323y,0,0
660,ALSAF,10.1016/j.foodchem.2014.06.113,0,0
661,SVDSQTAF,10.1016/j.foodchem.2015.05.014,0,0
662,LPDEVSG,10.1016/j.foodchem.2015.05.014,0,0
663,QPSSVDSQTAM,10.1016/j.foodchem.2015.05.014,0,0
664,WAF,10.1016/j.foodres.2014.04.041,0,0
665,YMVSAIWG,10.1016/j.jff.2014.02.012,0,0
666,GAA,10.1016/j.jff.2013.10.004,0,0
667,GFVG,10.1016/j.jff.2013.10.004,0,0
668,APGAPGPVG,10.12944/CRNFSJ.4.Special-Issue-October.10,0,0
669,PDLVF,10.12944/CRNFSJ.4.Special-Issue-October.10,0,0
670,MKC,10.1007/s13594-015-0226-5,0,0
671,KCL,10.1007/s13594-015-0226-5,0,0
672,CLL,10.1007/s13594-015-0226-5,0,0
673,LLL,10.1007/s13594-015-0226-5,0,0
674,LLA,10.1007/s13594-015-0226-5,0,0
675,LAL,10.1007/s13594-015-0226-5,0,0
676,ALA,10.1007/s13594-015-0226-5,0,0
677,ALT,10.1007/s13594-015-0226-5,0,0
678,TCG,10.1007/s13594-015-0226-5,0,0
679,CGA,10.1007/s13594-015-0226-5,0,0
680,GAQ,10.1007/s13594-015-0226-5,0,0
681,AQA,10.1007/s13594-015-0226-5,0,0
682,QAL,10.1007/s13594-015-0226-5,0,0
683,ALI,10.1007/s13594-015-0226-5,0,0
684,LIV,10.1007/s13594-015-0226-5,0,0
685,IVT,10.1007/s13594-015-0226-5,0,0
686,VTQ,10.1007/s13594-015-0226-5,0,0
687,TQT,10.1007/s13594-015-0226-5,0,0
688,QTM,10.1007/s13594-015-0226-5,0,0
689,TMK,10.1007/s13594-015-0226-5,0,0
690,MKG,10.1007/s13594-015-0226-5,0,0
691,KGL,10.1007/s13594-015-0226-5,0,0
692,GLD,10.1007/s13594-015-0226-5,0,0
693,LDI,10.1007/s13594-015-0226-5,0,0
694,DIQ,10.1007/s13594-015-0226-5,0,0
695,IQK,10.1007/s13594-015-0226-5,0,0
696,QKV,10.1007/s13594-015-0226-5,0,0
697,KVA,10.1007/s13594-015-0226-5,0,0
698,VAG,10.1007/s13594-015-0226-5,0,0
699,AGT,10.1007/s13594-015-0226-5,0,0
700,TWY,10.1007/s13594-015-0226-5,0,0
701,YSL,10.1007/s13594-015-0226-5,0,0
702,SLA,10.1007/s13594-015-0226-5,0,0
703,LAM,10.1007/s13594-015-0226-5,0,0
704,AMA,10.1007/s13594-015-0226-5,0,0
705,MAA,10.1007/s13594-015-0226-5,0,0
706,AAS,10.1007/s13594-015-0226-5,0,0
707,ASD,10.1007/s13594-015-0226-5,0,0
708,SDI,10.1007/s13594-015-0226-5,0,0
709,DIS,10.1007/s13594-015-0226-5,0,0
710,ISL,10.1007/s13594-015-0226-5,0,0
711,SLL,10.1007/s13594-015-0226-5,0,0
712,LLD,10.1007/s13594-015-0226-5,0,0
713,LDA,10.1007/s13594-015-0226-5,0,0
714,DAQ,10.1007/s13594-015-0226-5,0,0
715,AQS,10.1007/s13594-015-0226-5,0,0
716,QSA,10.1007/s13594-015-0226-5,0,0
717,SAP,10.1007/s13594-015-0226-5,0,0
718,APL,10.1007/s13594-015-0226-5,0,0
719,PLR,10.1007/s13594-015-0226-5,0,0
720,LRV,10.1007/s13594-015-0226-5,0,0
721,RVY,10.1007/s13594-015-0226-5,0,0
722,VYV,10.1007/s13594-015-0226-5,0,0
723,YVE,10.1007/s13594-015-0226-5,0,0
724,VEE,10.1007/s13594-015-0226-5,0,0
725,EEL,10.1007/s13594-015-0226-5,0,0
726,ELK,10.1007/s13594-015-0226-5,0,0
727,KPT,10.1007/s13594-015-0226-5,0,0
728,PTP,10.1007/s13594-015-0226-5,0,0
729,TPE,10.1007/s13594-015-0226-5,0,0
730,PEG,10.1007/s13594-015-0226-5,0,0
731,EGD,10.1007/s13594-015-0226-5,0,0
732,LLF,10.1007/s13594-015-0226-5,0,0
733,FCM,10.1007/s13594-015-0226-5,0,0
734,MEN,10.1007/s13594-015-0226-5,0,0
735,ENS,10.1007/s13594-015-0226-5,0,0
736,NSA,10.1007/s13594-015-0226-5,0,0
737,GDL,10.1007/s13594-015-0226-5,0,0
738,DLE,10.1007/s13594-015-0226-5,0,0
739,LEI,10.1007/s13594-015-0226-5,0,0
740,EIL,10.1007/s13594-015-0226-5,0,0
741,ILL,10.1007/s13594-015-0226-5,0,0
742,LLQ,10.1007/s13594-015-0226-5,0,0
743,LQK,10.1007/s13594-015-0226-5,0,0
744,KWE,10.1007/s13594-015-0226-5,0,0
745,SAE,10.1007/s13594-015-0226-5,0,0
746,AEP,10.1007/s13594-015-0226-5,0,0
747,EPE,10.1007/s13594-015-0226-5,0,0
748,PEQ,10.1007/s13594-015-0226-5,0,0
749,EQS,10.1007/s13594-015-0226-5,0,0
750,QSL,10.1007/s13594-015-0226-5,0,0
751,ENG,10.1007/s13594-015-0226-5,0,0
752,NGE,10.1007/s13594-015-0226-5,0,0
753,AQK,10.1007/s13594-015-0226-5,0,0
754,QKK,10.1007/s13594-015-0226-5,0,0
755,KKI,10.1007/s13594-015-0226-5,0,0
756,KII,10.1007/s13594-015-0226-5,0,0
757,IIA,10.1007/s13594-015-0226-5,0,0
758,LVR,10.1007/s13594-015-0226-5,0,0
759,VRT,10.1007/s13594-015-0226-5,0,0
760,RTP,10.1007/s13594-015-0226-5,0,0
761,PEV,10.1007/s13594-015-0226-5,0,0
762,EVD,10.1007/s13594-015-0226-5,0,0
763,VDD,10.1007/s13594-015-0226-5,0,0
764,DDE,10.1007/s13594-015-0226-5,0,0
765,DEA,10.1007/s13594-015-0226-5,0,0
766,EAL,10.1007/s13594-015-0226-5,0,0
767,IAE,10.1007/s13594-015-0226-5,0,0
768,AEK,10.1007/s13594-015-0226-5,0,0
769,EKT,10.1007/s13594-015-0226-5,0,0
770,KTK,10.1007/s13594-015-0226-5,0,0
771,TKI,10.1007/s13594-015-0226-5,0,0
772,KIP,10.1007/s13594-015-0226-5,0,0
773,IPA,10.1007/s13594-015-0226-5,0,0
774,PAV,10.1007/s13594-015-0226-5,0,0
775,AVF,10.1007/s13594-015-0226-5,0,0
776,VFK,10.1007/s13594-015-0226-5,0,0
777,ALE,10.1007/s13594-015-0226-5,0,0
778,LEK,10.1007/s13594-015-0226-5,0,0
779,EKF,10.1007/s13594-015-0226-5,0,0
780,KFD,10.1007/s13594-015-0226-5,0,0
781,FDK,10.1007/s13594-015-0226-5,0,0
782,DKA,10.1007/s13594-015-0226-5,0,0
783,KAL,10.1007/s13594-015-0226-5,0,0
784,ALK,10.1007/s13594-015-0226-5,0,0
785,LKA,10.1007/s13594-015-0226-5,0,0
786,ALP,10.1007/s13594-015-0226-5,0,0
787,FKI,10.1007/s13594-015-0226-5,0,0
788,KID,10.1007/s13594-015-0226-5,0,0
789,IDA,10.1007/s13594-015-0226-5,0,0
790,DAL,10.1007/s13594-015-0226-5,0,0
791,ALN,10.1007/s13594-015-0226-5,0,0
792,LNE,10.1007/s13594-015-0226-5,0,0
793,ENK,10.1007/s13594-015-0226-5,0,0
794,NKV,10.1007/s13594-015-0226-5,0,0
795,KVL,10.1007/s13594-015-0226-5,0,0
796,PMH,10.1007/s13594-015-0226-5,0,0
797,HIR,10.1007/s13594-015-0226-5,0,0
798,IRL,10.1007/s13594-015-0226-5,0,0
799,RLS,10.1007/s13594-015-0226-5,0,0
800,LSF,10.1007/s13594-015-0226-5,0,0
801,SFN,10.1007/s13594-015-0226-5,0,0
802,FNP,10.1007/s13594-015-0226-5,0,0
803,NPT,10.1007/s13594-015-0226-5,0,0
804,VLV,10.1007/s13594-015-0226-5,0,0
805,LVL,10.1007/s13594-015-0226-5,0,0
806,VLD,10.1007/s13594-015-0226-5,0,0
807,LDT,10.1007/s13594-015-0226-5,0,0
808,DTD,10.1007/s13594-015-0226-5,0,0
809,YKK,10.1007/s13594-015-0226-5,0,0
810,PTQ,10.1007/s13594-015-0226-5,0,0
811,TQL,10.1007/s13594-015-0226-5,0,0
812,QLE,10.1007/s13594-015-0226-5,0,0
813,LEE,10.1007/s13594-015-0226-5,0,0
814,EEQ,10.1007/s13594-015-0226-5,0,0
815,YPKLAPNE,10.1016/j.foodchem.2016.02.119,0,0
816,YPQLLPNE,10.1016/j.foodchem.2016.02.119,0,0
817,DPAQPNYPWTAVLVFRH,10.1016/j.jff.2016.01.011,0,0
818,TMFPSA,10.3390/ijms161226155,0,0
819,WIHNENQGF,10.3390/ijms161226155,0,0
820,MPVHTDAD,10.3390/ijms161226155,0,0
821,YPSPV,10.3390/ijms161226155,0,0
822,SDNRNQGY,10.3390/ijms161226155,0,0
823,IQVPL,10.3390/ijms161226155,0,0
824,GDRFQDQHQ,10.1016/j.foodchem.2015.11.092,0,0
825,LAGKPQQEHSGEHQ,10.1016/j.foodchem.2015.11.092,0,0
826,LQAEQDDR,10.1016/j.foodchem.2015.11.092,0,0
827,HVIKPPSRA,10.1016/j.foodchem.2015.11.092,0,0
828,AVNVDDPSK,10.1016/j.foodchem.2015.11.092,0,0
829,KFNRPETT,10.1016/j.foodchem.2015.11.092,0,0
830,PGLPKK,10.1016/j.foodchem.2018.01.033,0,0
831,ASLLPPY,10.1016/j.foodchem.2018.01.033,0,0
832,VALGVPHH,10.1016/j.foodchem.2018.01.033,0,0
833,VPPLYPN,10.1016/j.foodchem.2018.01.033,0,0
834,DSGVT,10.1021/jf021156g,1,1
835,IEAEGE,10.1021/jf021156g,1,1
836,DAQEKLE,10.1021/jf021156g,1,1
837,EELDNALN,10.1021/jf021156g,1,1
838,VPSIDDQEELM,10.1021/jf021156g,1,1
839,HFGDPFH,10.1016/j.foodres.2004.10.002,1,1
840,PSYV,10.1016/j.foodres.2010.02.009,1,1
841,HPLH,10.1021/jf950833m,1,1
842,HHLP,10.1021/jf950833m,1,1
843,HL,10.1021/jf950833m,1,1
844,HLPH,10.1021/jf950833m,1,1
845,LLPH,10.1021/jf950833m,1,1
846,PLHH,10.1021/jf950833m,1,1
847,HPHL,10.1021/jf950833m,1,1
848,HH,10.1021/jf950833m,1,1
849,HPH,10.1021/jf950833m,1,1
850,LLHH,10.1021/jf950833m,1,1
851,HHPLL,10.1021/jf950833m,1,1
852,HLHP,10.1021/jf950833m,1,1
853,LPHH,10.1021/jf950833m,1,1
854,HHPL,10.1021/jf950833m,1,1
855,LHPH,10.1021/jf950833m,1,1
856,HHP,10.1021/jf950833m,1,1
857,LH,10.1021/jf950833m,1,1
858,LLPHH,10.1021/jf950833m,1,1
859,HLH,10.1021/jf950833m,1,1
860,LLPHHH,10.1021/jf950833m,1,1
861,LHH,10.1021/jf950833m,1,1
862,PHH,10.1021/jf950833m,1,1
863,FYY,10.1021/jf021191n,1,1
864,AVPYPQR,10.1021/jf0003911,1,1
865,KVLPVPQK,10.1021/jf0003911,1,1
866,IPAGM,10.1016/j.jff.2013.11.005,1,1
867,LPAGV,10.1016/j.jff.2013.11.005,1,1
868,EFLQ,10.1016/j.jff.2013.11.005,1,1
869,IPAGV,10.1016/j.jff.2013.11.005,1,1
870,EFQI,10.1016/j.jff.2013.11.005,1,1
871,FEQI,10.1016/j.jff.2013.11.005,1,1
872,LALPA,10.1016/j.jff.2013.11.005,1,1
873,EFQL,10.1016/j.jff.2013.11.005,1,1
874,LEEAF,10.1016/j.jff.2013.11.005,1,1
875,PSIPA,10.1016/j.jff.2013.11.005,1,1
876,PSLPA,10.1016/j.jff.2013.11.005,1,1
877,WVYY,10.1016/j.jff.2013.11.005,1,1
878,LPL,10.1016/j.jff.2013.11.005,1,1
879,LQL,10.1016/j.jff.2013.11.005,1,1
880,YNL,10.1016/j.jff.2013.11.005,1,1
881,IEEAF,10.1016/j.jff.2013.11.005,1,1
882,FEQL,10.1016/j.jff.2013.11.005,1,1
883,VSYT,10.1016/j.jff.2013.11.005,1,1
884,YNI,10.1016/j.jff.2013.11.005,1,1
885,EFIQ,10.1016/j.jff.2013.11.005,1,1
886,VECYGPNRPQF,10.1016/j.biortech.2009.02.014,1,1
887,DW,10.1016/j.foodres.2013.09.052,1,1
888,RASDPLLSV,10.1039/C4RA12943A,1,1
889,RNDDLNYIQ,10.1039/C4RA12943A,1,1
890,LAPSLPGKPKPD,10.1039/C4RA12943A,1,1
891,AGTTCLFTPLALPYDYSH,10.1039/C4RA12943A,1,1
892,RPNYTDA,10.1016/j.foodchem.2015.01.137,1,1
893,TSQLLSDQ,10.1016/j.foodchem.2015.01.137,1,1
894,TRTGDPFF,10.1016/j.foodchem.2015.01.137,1,1
895,NFHPQ,10.1016/j.foodchem.2015.01.137,1,1
896,GIFE,10.1016/j.foodres.2014.04.041,1,1
897,MPACGSS,10.1039/x0xx00000x,1,1
898,MTEEY,10.1039/x0xx00000x,1,1
899,LSGNK,10.1039/x0xx00000x,1,1
900,GEGSGA,10.1039/x0xx00000x,1,1
901,GLTSK,10.1039/x0xx00000x,1,1
902,SDRDLLGPNNQYLPK,10.1016/j.foodchem.2016.02.127,1,1
903,RCMAFLLSDGAAAAQQLLPQYW,10.1016/j.jff.2016.01.011,1,1
