,Sequence,Source,FRS,Chelator,partition
0,AHK,10.2174/138161207780414278,1,0,3
1,VHH,10.2174/138161207780414278,1,0,4
2,VHHANEN,10.2174/138161207780414278,1,0,0
3,VNPHDHQN,10.1021/jf00051a004,1,0,4
4,LVNPHDHQN,10.1021/jf00051a004,1,0,4
5,LLPHHADADY,10.1021/jf00051a004,1,0,1
6,VIPAGYP,10.1021/jf00051a004,1,0,2
7,LQSGDALRVPSGTTYY,10.1021/jf00051a004,1,0,3
8,VKL,10.2331/suisan.65.92,1,0,4
9,VVKL,10.2331/suisan.65.92,1,0,0
10,VKV,10.2331/suisan.65.92,1,0,1
11,PKAV,10.2331/suisan.65.92,1,0,2
12,IKL,10.2331/suisan.65.92,1,0,3
13,VPSGK,10.2331/suisan.65.92,1,0,4
14,EAK,10.2331/suisan.65.92,1,0,0
15,FVAGK,10.2331/suisan.65.92,1,0,1
16,KAI,10.2331/suisan.65.92,1,0,2
17,KVI,10.2331/suisan.65.92,1,0,3
18,KD,10.2331/suisan.65.92,1,0,4
19,LQPGQGQQ,10.2331/suisan.65.1096,1,0,0
20,YFYPEL,10.1016/S0955-2863(99)00083-2,1,0,0
21,FYPEL,10.1016/S0955-2863(99)00083-2,1,0,0
22,YPEL,10.1016/S0955-2863(99)00083-2,1,0,0
23,PEL,10.1016/S0955-2863(99)00083-2,1,0,0
24,EL,10.1016/S0955-2863(99)00083-2,1,0,1
25,LMSYMWSTSM,10.1007/s11746-001-0321-0,1,0,2
26,LELHKLRSSHWFSRR,10.1007/s11746-001-0321-0,1,0,3
27,PSHDAHPE,10.1046/j.1444-2906.2002.00442.x ,1,0,1
28,SHDAHPE,10.1046/j.1444-2906.2002.00442.x ,1,0,1
29,VDHDHPE,10.1046/j.1444-2906.2002.00442.x ,1,0,4
30,PKAVHE,10.1046/j.1444-2906.2002.00442.x ,1,0,0
31,PAGY,10.1046/j.1444-2906.2002.00442.x ,1,0,1
32,PHHADS,10.1046/j.1444-2906.2002.00442.x,1,0,2
33,VDYP,10.1046/j.1444-2906.2002.00442.x,1,0,3
34,LQPGQGQQG,10.3136/fstr.8.227,1,0,0
35,AQIPQQ,10.3136/fstr.8.227,1,0,4
36,YAEERYPIL,10.4315/0362-028X-67.9.1939,1,0,0
37,WYSLAMAASDI,10.1021/jf048626m,1,0,1
38,VAPFPGVFGK,10.1002/jsfa.2063,1,0,2
39,HLPLPL,10.1002/jsfa.2063,1,0,2
40,PPQ,10.1002/jsfa.2063,1,0,3
41,GPVRGPFPII,10.1002/jsfa.2063,1,0,4
42,NQE,10.1002/jsfa.2063,1,0,0
43,AKYIPIQYVLSRYPSY,10.1002/jsfa.2063,1,0,1
44,IPIQYVL,10.1002/jsfa.2063,1,0,2
45,PPK,10.1002/jsfa.2063,1,0,3
46,FDSGPAGVL,10.1016/j.lfs.2005.03.016,1,0,4
47,NGPLQAGQPGER,10.1016/j.lfs.2005.03.016,1,0,0
48,HGPLGPL,10.1021/jf048877v,1,0,1
49,NADFGLNGLEGLA,10.1016/j.jnutbio.2005.02.005,1,0,2
50,NGLEGLK,10.1016/j.jnutbio.2005.02.005,1,0,3
51,LGLNGDDVN,10.1007/s00217-005-0079-x,1,0,4
52,VKAGFAWTANQQLS,10.1016/j.procbio.2007.02.006,1,0,0
53,LVGDEQAVPAVCVP,10.1089/jmf.2006.101,1,0,1
54,ESTVPERTHPACPDFN,10.1016/j.jnutbio.2006.02.006,1,0,3
55,PSKYEPFV,10.1016/j.foodchem.2007.11.010,1,0,2
56,LKQELEDLLEKQE,10.1016/j.biortech.2007.08.018,1,0,3
57,VECYG,10.1016/j.biortech.2009.02.014,1,0,4
58,CYGPNR,10.1016/j.biortech.2009.02.014,1,0,0
59,PNRPQF,10.1016/j.biortech.2009.02.014,1,0,1
60,PLFQNKLAHAK,10.1016/j.jff.2011.05.006,1,0,2
61,AEAQKQLR,10.1016/j.jff.2011.05.006,1,0,3
62,LEELEEELEGCE,10.1016/j.biortech.2009.02.014,1,0,4
63,YA,10.1021/jf9028656,1,0,0
64,LMCH,10.1021/jf9028656,1,0,1
65,LPTSEAAKY,10.1016/j.foodchem.2010.02.013,1,0,2
66,PMDYMVT,10.1016/j.foodchem.2010.02.013,1,0,3
67,FRDEHKK,10.1016/j.foodchem.2009.06.015,1,0,4
68,KHNRGDEF,10.1016/j.foodchem.2009.06.015,1,0,0
69,YLYP,10.1021/jf950833m,1,0,1
70,LYPY,10.1021/jf950833m,1,0,2
71,LPYY,10.1021/jf950833m,1,0,3
72,PYY,10.1021/jf950833m,1,0,4
73,LHA,10.1021/jf021191n,1,0,0
74,LHD,10.1021/jf021191n,1,0,1
75,LHE,10.1021/jf021191n,1,0,2
76,LHF,10.1021/jf021191n,1,0,3
77,LHG,10.1021/jf021191n,1,0,4
78,LHI,10.1021/jf021191n,1,0,0
79,LHK,10.1021/jf021191n,1,0,1
80,LHL,10.1021/jf021191n,1,0,2
81,LHM,10.1021/jf021191n,1,0,3
82,LHN,10.1021/jf021191n,1,0,4
83,LHQ,10.1021/jf021191n,1,0,0
84,LHR,10.1021/jf021191n,1,0,1
85,LHS,10.1021/jf021191n,1,0,2
86,LHT,10.1021/jf021191n,1,0,3
87,LHV,10.1021/jf021191n,1,0,4
88,LHW,10.1021/jf021191n,1,0,0
89,LHY,10.1021/jf021191n,1,0,1
90,LWA,10.1021/jf021191n,1,0,2
91,LWD,10.1021/jf021191n,1,0,3
92,LWE,10.1021/jf021191n,1,0,4
93,LWF,10.1021/jf021191n,1,0,0
94,LWG,10.1021/jf021191n,1,0,1
95,LWH,10.1021/jf021191n,1,0,2
96,LWI,10.1021/jf021191n,1,0,3
97,LWK,10.1021/jf021191n,1,0,4
98,LWM,10.1021/jf021191n,1,0,0
99,LWN,10.1021/jf021191n,1,0,1
100,LWQ,10.1021/jf021191n,1,0,2
101,LWR,10.1021/jf021191n,1,0,3
102,LWS,10.1021/jf021191n,1,0,4
103,LWT,10.1021/jf021191n,1,0,0
104,LWV,10.1021/jf021191n,1,0,1
105,LWW,10.1021/jf021191n,1,0,2
106,LWY,10.1021/jf021191n,1,0,3
107,PHA,10.1021/jf021191n,1,0,4
108,PHD,10.1021/jf021191n,1,0,0
109,PHE,10.1021/jf021191n,1,0,1
110,PHF,10.1021/jf021191n,1,0,2
111,PHG,10.1021/jf021191n,1,0,3
112,PHI,10.1021/jf021191n,1,0,4
113,PHK,10.1021/jf021191n,1,0,0
114,PHL,10.1021/jf021191n,1,0,1
115,PHM,10.1021/jf021191n,1,0,2
116,PHN,10.1021/jf021191n,1,0,3
117,PHQ,10.1021/jf021191n,1,0,4
118,PHR,10.1021/jf021191n,1,0,0
119,PHS,10.1021/jf021191n,1,0,1
120,PHT,10.1021/jf021191n,1,0,2
121,PHV,10.1021/jf021191n,1,0,3
122,PHW,10.1021/jf021191n,1,0,4
123,PHY,10.1021/jf021191n,1,0,0
124,PWA,10.1021/jf021191n,1,0,1
125,PWD,10.1021/jf021191n,1,0,2
126,PWE,10.1021/jf021191n,1,0,3
127,PWF,10.1021/jf021191n,1,0,4
128,PWG,10.1021/jf021191n,1,0,0
129,PWH,10.1021/jf021191n,1,0,1
130,PWI,10.1021/jf021191n,1,0,2
131,PWL,10.1021/jf021191n,1,0,3
132,PWN,10.1021/jf021191n,1,0,4
133,PWQ,10.1021/jf021191n,1,0,0
134,PWR,10.1021/jf021191n,1,0,1
135,PWS,10.1021/jf021191n,1,0,2
136,PWT,10.1021/jf021191n,1,0,3
137,PWV,10.1021/jf021191n,1,0,4
138,PWW,10.1021/jf021191n,1,0,0
139,PWY,10.1021/jf021191n,1,0,1
140,RHA,10.1021/jf021191n,1,0,2
141,RHD,10.1021/jf021191n,1,0,3
142,RHE,10.1021/jf021191n,1,0,4
143,RHF,10.1021/jf021191n,1,0,0
144,RHG,10.1021/jf021191n,1,0,1
145,RHH,10.1021/jf021191n,1,0,2
146,RHI,10.1021/jf021191n,1,0,3
147,RHK,10.1021/jf021191n,1,0,4
148,RHL,10.1021/jf021191n,1,0,0
149,RHM,10.1021/jf021191n,1,0,1
150,RHN,10.1021/jf021191n,1,0,2
151,RHQ,10.1021/jf021191n,1,0,3
152,RNR,10.1021/jf021191n,1,0,4
153,RHS,10.1021/jf021191n,1,0,0
154,RHT,10.1021/jf021191n,1,0,1
155,RHV,10.1021/jf021191n,1,0,2
156,RHW,10.1021/jf021191n,1,0,3
157,RHY,10.1021/jf021191n,1,0,4
158,RWA,10.1021/jf021191n,1,0,0
159,RWE,10.1021/jf021191n,1,0,1
160,RWG,10.1021/jf021191n,1,0,2
161,RWH,10.1021/jf021191n,1,0,3
162,RWI,10.1021/jf021191n,1,0,4
163,RWL,10.1021/jf021191n,1,0,0
164,RWN,10.1021/jf021191n,1,0,1
165,RWR,10.1021/jf021191n,1,0,2
166,RWT,10.1021/jf021191n,1,0,3
167,RWW,10.1021/jf021191n,1,0,4
168,RWQ,10.1021/jf021191n,1,0,0
169,RWY,10.1021/jf021191n,1,0,1
170,HEH,10.1021/jf021191n,1,0,2
171,HDH,10.1021/jf021191n,1,0,3
172,AHH,10.1021/jf021191n,1,0,4
173,IHH,10.1021/jf021191n,1,0,0
174,FHH,10.1021/jf021191n,1,0,1
175,WHH,10.1021/jf021191n,1,0,2
176,YHH,10.1021/jf021191n,1,0,3
177,HYH,10.1021/jf021191n,1,0,4
178,HFH,10.1021/jf021191n,1,0,0
179,HWH,10.1021/jf021191n,1,0,1
180,HHF,10.1021/jf021191n,1,0,2
181,HHW,10.1021/jf021191n,1,0,3
182,HHY,10.1021/jf021191n,1,0,4
183,GHH,10.1021/jf021191n,1,0,0
184,NHH,10.1021/jf021191n,1,0,1
185,QHH,10.1021/jf021191n,1,0,2
186,MHH,10.1021/jf021191n,1,0,3
187,SHH,10.1021/jf021191n,1,0,4
188,THH,10.1021/jf021191n,1,0,0
189,DYY,10.1021/jf021191n,1,0,1
190,EYY,10.1021/jf021191n,1,0,2
191,YDY,10.1021/jf021191n,1,0,3
192,YEY,10.1021/jf021191n,1,0,4
193,YYD,10.1021/jf021191n,1,0,0
194,YYE,10.1021/jf021191n,1,0,1
195,HYY,10.1021/jf021191n,1,0,2
196,KYY,10.1021/jf021191n,1,0,3
197,RYY,10.1021/jf021191n,1,0,4
198,YHY,10.1021/jf021191n,1,0,0
199,YKY,10.1021/jf021191n,1,0,1
200,YRY,10.1021/jf021191n,1,0,2
201,YYR,10.1021/jf021191n,1,0,3
202,YYH,10.1021/jf021191n,1,0,4
203,YYK,10.1021/jf021191n,1,0,0
204,AYY,10.1021/jf021191n,1,0,1
205,IYY,10.1021/jf021191n,1,0,2
206,LYY,10.1021/jf021191n,1,0,3
207,VYY,10.1021/jf021191n,1,0,4
208,YAY,10.1021/jf021191n,1,0,0
209,YIY,10.1021/jf021191n,1,0,1
210,YLY,10.1021/jf021191n,1,0,2
211,YVY,10.1021/jf021191n,1,0,3
212,YYA,10.1021/jf021191n,1,0,4
213,YYI,10.1021/jf021191n,1,0,0
214,YYL,10.1021/jf021191n,1,0,1
215,YYV,10.1021/jf021191n,1,0,2
216,WYY,10.1021/jf021191n,1,0,3
217,YYY,10.1021/jf021191n,1,0,4
218,YFY,10.1021/jf021191n,1,0,0
219,YWY,10.1021/jf021191n,1,0,1
220,YYF,10.1021/jf021191n,1,0,2
221,YYW,10.1021/jf021191n,1,0,3
222,GYY,10.1021/jf021191n,1,0,4
223,NYY,10.1021/jf021191n,1,0,0
224,QYY,10.1021/jf021191n,1,0,1
225,YGY,10.1021/jf021191n,1,0,2
226,YNY,10.1021/jf021191n,1,0,3
227,YQY,10.1021/jf021191n,1,0,4
228,YYG,10.1021/jf021191n,1,0,0
229,YYN,10.1021/jf021191n,1,0,1
230,YYQ,10.1021/jf021191n,1,0,2
231,MYY,10.1021/jf021191n,1,0,3
232,YMY,10.1021/jf021191n,1,0,4
233,YYM,10.1021/jf021191n,1,0,0
234,SYY,10.1021/jf021191n,1,0,1
235,TYY,10.1021/jf021191n,1,0,2
236,YSY,10.1021/jf021191n,1,0,3
237,YTY,10.1021/jf021191n,1,0,4
238,YYS,10.1021/jf021191n,1,0,0
239,YYT,10.1021/jf021191n,1,0,1
240,YCY,10.1021/jf021191n,1,0,2
241,YPFPG,10.1080/10715760903137101,1,0,3
242,RPPGFSPFR,10.1080/10715760903137101,1,0,4
243,NRVYIHPFHLLVYS,10.1080/10715760903137101,1,0,0
244,VQYPVEHPNKFLKFGMTPSKGVLFY,10.1080/10715760903137101,1,0,1
245,RPDFDLEPPY,10.1007/s00217-004-0882-9,1,0,2
246,LPHSGY,10.1016/j.foodres.2004.07.005,1,0,3
247,PR,10.1111/j.1745-4514.2008.00190.x ,1,0,4
248,PVSHDHAPEY,10.1016/j.foodres.2009.02.014,1,0,0
249,PSDHDHE,10.1016/j.foodres.2009.02.014,1,0,1
250,VHDY,10.1016/j.foodres.2009.02.014,1,0,2
251,LARL,10.1016/j.foodchem.2009.05.021,1,0,3
252,GGE,10.1016/j.foodchem.2009.05.021,1,0,4
253,GAH,10.1016/j.foodchem.2009.05.021,1,0,0
254,GAWA,10.1016/j.foodchem.2009.05.021,1,0,1
255,PHYL,10.1016/j.foodchem.2009.05.021,1,0,2
256,GALAAH,10.1016/j.foodchem.2009.05.021,1,0,3
257,DPALATEPDPMPF,10.1016/j.jff.2010.02.001,1,0,4
258,ACFL,10.1016/j.peptides.2011.05.020,1,0,0
259,FLNDFLHV,10.1016/j.foodchem.2013.09.136,1,0,1
260,WEGPK,10.1016/j.foodres.2014.08.038,1,0,2
261,GPP,10.1016/j.foodres.2014.08.038,1,0,3
262,GVPLT,10.1016/j.foodres.2014.08.038,1,0,4
263,GSGGL,10.1016/j.foodres.2014.08.038,1,0,0
264,GPGGFI,10.1016/j.foodres.2014.08.038,1,0,1
265,FIGP,10.1016/j.foodres.2014.08.038,1,0,2
266,AMTGLDA,10.1007/s10068-011-0147-x,1,0,3
267,NHRYDR,10.1016/j.peptides.2011.05.020,1,0,4
268,GNRGFACRHA,10.1016/j.peptides.2011.05.020,1,0,0
269,VKEAMPK,10.1021/jf0003911,1,0,1
270,VLPVPQK,10.1021/jf0003911,1,0,4
271,MHIRL,10.1016/j.idairyj.2006.06.005,1,0,2
272,YVEEL,10.1016/j.idairyj.2006.06.005,1,0,3
273,YGYTGA,10.1016/j.foodchem.2010.11.146,1,0,4
274,ISELGW,10.1016/j.foodchem.2010.11.146,1,0,3
275,YVAQGEGVVA,10.1007/s00217-008-0962-3,1,0,0
276,WSRRGEREEEDERRR,10.1007/s00217-008-0962-3,1,0,1
277,HGGEGGRPYHLGEES,10.1007/s00217-008-0962-3,1,0,2
278,VAVDKHDYEPLGHSDIGVY,10.1007/s00217-008-0962-3,1,0,3
279,FFAPGRNPTSFS,10.1007/s00217-008-0962-3,1,0,4
280,EEYFPVGGDRPESF,10.1007/s00217-008-0962-3,1,0,0
281,WEIKPSSLTGKSPYFSNNHGKL,10.1007/s00217-008-0962-3,1,0,0
282,YLAGMN,10.1007/s00217-008-0962-3,1,0,1
283,IAPNYNTRATKL,10.1007/s00217-008-0962-3,1,0,2
284,IIENGEKWS,10.1007/s00217-008-0962-3,1,0,3
285,LVDTGRGPIMY,10.1007/s00217-008-0962-3,1,0,4
286,EEEQVGQGYETIRARL,10.1007/s00217-008-0962-3,1,0,0
287,FVAPAGTINY,10.1007/s00217-008-0962-3,1,0,1
288,YEADARSFHDLAEHDIRV,10.1007/s00217-008-0962-3,1,0,2
289,LRGIKNYRVAVL,10.1007/s00217-008-0962-3,1,0,3
290,AAVGGYRVAVL,10.1007/s00217-008-0962-3,1,0,4
291,NHAV,10.1016/j.foodchem.2010.05.089,1,0,0
292,HVRETALV,10.1016/j.foodchem.2010.05.089,1,0,1
293,SVYT,10.1016/j.jff.2013.11.005,1,0,2
294,WYT,10.1016/j.jff.2013.11.005,1,0,3
295,WSY,10.1016/j.jff.2013.11.005,1,0,4
296,LNGDVW,10.1016/j.fct.2012.04.022,1,0,0
297,TY,10.1021/jf101556n,1,0,1
298,VY,10.1021/jf101556n,1,0,2
299,NYKQM,10.1021/jf101556n,1,0,3
300,YSTA,10.1021/jf101556n,1,0,4
301,YFE,10.1021/jf101556n,1,0,0
302,SWN,10.1021/jf101556n,1,0,1
303,HVCYMF,10.1021/jf101556n,1,0,2
304,MWL,10.1021/jf101556n,1,0,3
305,HDHPVC,10.3390/md13052580,1,0,4
306,HEKVC,10.3390/md13052580,1,0,0
307,QWPAQ,10.3390/md13052580,1,0,1
308,GFRGTIGLVG,10.3390/md11114641,1,0,1
309,GPAGPAG,10.3390/md11114641,1,0,2
310,GFPSG,10.3390/md11114641,1,0,3
311,YPPAK,10.3390/md11114641,1,0,4
312,TCSP,10.1016/j.ijbiomac.2011.09.009,1,0,0
313,TGGGNV,10.1016/j.ijbiomac.2011.09.009,1,0,1
314,ESTTVPERTHPACPDFN,10.1016/j.foodchem.2013.06.113,1,0,3
315,LLGPGLTNHA,10.1016/j.procbio.2009.04.003,1,0,2
316,DLGLGLPGAH,10.1016/j.procbio.2009.04.003,1,0,3
317,FLQEFLHV,10.1016/j.foodchem.2013.09.136,1,0,4
318,KTFCGRH,10.1016/j.peptides.2012.03.028,1,0,0
319,EWPAQ,10.1016/j.foodres.2013.11.018,1,0,1
320,FLHRP,10.3390/md13052580,1,0,1
321,LMGQW,10.3390/md13052580,1,0,2
322,LDK,10.3390/md13052580,1,0,3
323,PVMGA,10.1016/j.foodchem.2013.08.099,1,0,4
324,QHGV,10.1016/j.foodchem.2013.08.099,1,0,0
325,VCSV,10.1016/j.fct.2012.10.058,1,0,1
326,CAAP,10.1016/j.fct.2012.10.058,1,0,2
327,SVEIQALCDM,10.1016/j.procbio.2012.10.016,1,0,3
328,MQFHT,BIOPEP-UWM,1,0,4
329,PHCKRM,BIOPEP-UWM,1,0,0
330,VKEAMAPK,10.1021/jf0003911,1,0,1
331,ARHPHPHLSFM,10.2174/138161207780363112,1,0,2
332,IKK,10.1007/s101269900002,1,0,3
333,FKK,10.1007/s101269900002,1,0,4
334,FIKK,10.1007/s101269900002,1,0,0
335,AY,10.3136/fstr.8.357,1,0,1
336,ADF,10.3136/fstr.8.357,1,0,2
337,SDF,10.3136/fstr.8.357,1,0,3
338,FGHPY, 10.1007/s00217-004-1074-3,1,0,4
339,TTYY,10.1007/s00217-009-1093-1,1,0,0
340,LY,10.1007/s00217-009-1093-1,1,0,1
341,IY,10.1007/s00217-009-1093-1,1,0,2
342,YQEP,10.3168/jds.S0022-0302(06)72370-0,1,0,3
343,YQEPVLGP,10.3168/jds.S0022-0302(06)72370-0,1,0,4
344,SALAM,10.4315/0362-028X-67.9.1939,1,0,0
345,YQIGL,10.4315/0362-028X-67.9.1939,1,0,1
346,YRGGLEPINF,10.4315/0362-028X-67.9.1939,1,0,2
347,FRADHPFL,10.4315/0362-028X-67.9.1939,1,0,1
348,RADHPFL,10.4315/0362-028X-67.9.1939,1,0,1
349,YPI,10.4315/0362-028X-67.9.1939,1,0,3
350,YPIL,10.4315/0362-028X-67.9.1939,1,0,4
351,RADHPF,10.4315/0362-028X-67.9.1939,1,0,1
352,RADHP,10.4315/0362-028X-67.9.1939,1,0,1
353,ADHP,10.4315/0362-028X-67.9.1939,1,0,1
354,QVVPYPQ,10.1016/j.idairyj.2005.12.012,1,0,0
355,HQIYPV,10.1016/j.idairyj.2005.12.012,1,0,1
356,PYPQ,10.1016/j.idairyj.2005.12.012,1,0,2
357,WSVPQPK,10.1016/j.idairyj.2005.12.012,1,0,3
358,IYPF,10.1016/j.idairyj.2005.12.012,1,0,2
359,WY,10.1021/jf063427j,1,0,3
360,WYS,10.1021/jf063427j,1,0,4
361,WYSL,10.1021/jf063427j,1,0,4
362,WYSLA,10.1021/jf063427j,1,0,4
363,WYSLAM,10.1021/jf063427j,1,0,4
364,WYSLAMA,10.1021/jf063427j,1,0,4
365,MY,10.1093/jn/136.8.2148,1,0,0
366,LQGM,10.1016/j.foodchem.2006.07.002,1,0,1
367,QGAR,10.1016/j.foodchem.2006.07.002,1,0,2
368,FPLEMMPF,10.1007/s00253-006-0537-9,1,0,3
369,LNLPTAVYMVT,10.1089/jmf.2007.0114,1,0,4
370,YGGFL,10.1124/mol.61.2.260,1,0,4
371,YGGFM,10.1124/mol.61.2.260,1,0,4
372,DRVYIHPFHL,BIOPEP-UWM,1,0,0
373,DRVYIHPF,BIOPEP-UWM,1,0,0
374,LEQQVDDLEGSLEQEKK,10.1089/jmf.2006.169,1,0,0
375,AIRQGDVF,10.1111/j.1365-2621.2006.01379.x ,1,0,1
376,VLEANPRSF,10.1111/j.1365-2621.2006.01379.x ,1,0,2
377,YFPVGGDRPESF,10.1111/j.1365-2621.2006.01379.x ,1,0,0
378,IQY,10.1051/lait:2007019,1,0,3
379,YVL,10.1051/lait:2007019,1,0,4
380,FALPQYLK,10.1051/lait:2007019,1,0,0
381,PYVRYL,10.1051/lait:2007019,1,0,1
382,TIIPLPV,10.1007/s00217-009-1203-0,1,0,2
383,WPL,10.1016/j.foodchem.2009.05.024,1,0,3
384,VPW,10.1016/j.foodchem.2009.05.024,1,0,4
385,VFPW,10.1016/j.foodchem.2009.05.024,1,0,0
386,PW,10.1016/j.foodchem.2009.05.024,1,0,1
387,HNPI,10.1016/j.foodchem.2010.11.146,1,0,2
388,QYDQGV,10.1016/j.peptides.2010.02.016,1,0,3
389,YEDCTDCGN,10.1016/j.peptides.2010.02.016,1,0,4
390,AADNANELFPPN,10.1016/j.peptides.2010.02.016,1,0,0
391,AMRLTYNRPCIYAT,10.1016/j.freeradbiomed.2010.01.036,1,0,1
392,AMRLTGNRPGLYAT,10.1016/j.freeradbiomed.2010.01.036,1,0,1
393,AMRLTYNRPCLGAT,10.1016/j.freeradbiomed.2010.01.036,1,0,1
394,SIITMTKEAKLPQLWKQIACRLYNTC,10.1074/mcp.M800297-MCP200,1,0,2
395,FRSGILKLASKIPSVLCAVLKNC,10.1074/mcp.M800297-MCP200,1,0,3
396,AKAWGIPPHVIPQIVPVRIRPLCGNV,10.1074/mcp.M800297-MCP200,1,0,4
397,FIPGLRRLFATVVPTVVCAINKLPPG,10.1074/mcp.M800297-MCP200,1,0,0
398,DDPDKGMLKWKNDFFQEF,10.1074/mcp.M800297-MCP200,1,0,1
399,GFFDRIKALTKNVTLELLNTITCKLPVTPP,10.1074/mcp.M800297-MCP200,1,0,2
400,CVHWMTNTARTACIAP,10.1074/mcp.M800297-MCP200,1,0,3
401,AMRLTYNKPCLYGT,10.1074/mcp.M800297-MCP200,1,0,4
402,IRW,10.1016/j.foodchem.2010.04.083,1,0,0
403,RW,10.1016/j.foodchem.2010.04.083,1,0,1
404,IANNEADAISLDGGQVFEAG,10.1021/jf101323y,1,0,2
405,PIAAEVYEHTEGSTTSY,10.1021/jf101323y,1,0,3
406,AGWNIPIGT,10.1021/jf101323y,1,0,4
407,AGWNIP,10.1021/jf101323y,1,0,2
408,AGWNI,10.1021/jf101323y,1,0,2
409,WNIP,10.1021/jf101323y,1,0,2
410,AIEWEGIESGSVEQA,10.1021/jf101323y,1,0,0
411,LGFEY,10.1021/jf101323y,1,0,2
412,LGFEYY,10.1021/jf101323y,1,0,2
413,VIPMGL,10.1021/jf101323y,1,0,1
414,GWNIP,10.1021/jf101323y,1,0,2
415,GWNI,10.1021/jf101323y,1,0,2
416,VPYPQ,10.1016/j.foodchem.2010.11.146,1,0,2
417,VPNSYP,10.1016/j.foodchem.2010.11.146,1,0,2
418,NPYVPR,10.1016/j.foodchem.2010.11.146,1,0,3
419,WISELG,10.1016/j.foodchem.2010.11.146,1,0,3
420,WISELGW,10.1016/j.foodchem.2010.11.146,1,0,3
421,ISELWG,10.1016/j.foodchem.2010.11.146,1,0,4
422,ISELGF,10.1016/j.foodchem.2010.11.146,1,0,3
423,ISELGY,10.1016/j.foodchem.2010.11.146,1,0,3
424,GPLGLLGFLGPLGLS,10.1016/j.foodchem.2010.08.058,1,0,0
425,QLGNLGV,10.1016/j.peptides.2011.01.009,1,0,1
426,SVMPVVA,10.1016/j.peptides.2011.01.009,1,0,2
427,FLKPLFNAALKLLP,10.1007/s10989-014-9416-x,1,0,3
428,VKP,10.3390/molecules190913587,1,0,4
429,VKCFR,10.3390/molecules190913587,1,0,0
430,PYFNK,10.1016/j.foodchem.2014.07.117,1,0,1
431,VLYEE,10.1016/j.foodchem.2014.07.117,1,0,2
432,YLMSR,10.1016/j.foodchem.2014.07.117,1,0,3
433,MILMR,10.1016/j.foodchem.2014.07.117,1,0,4
434,HMPVTK,10.1016/j.foodchem.2014.06.113,1,0,0
435,TERGY,10.1016/j.foodchem.2014.06.113,1,0,1
436,TEFTK,10.1016/j.foodchem.2014.06.113,1,0,2
437,TDY,10.1016/j.foodchem.2014.06.113,1,0,3
438,NHK,10.1016/j.foodchem.2014.06.113,1,0,4
439,LVSK,10.1016/j.foodchem.2014.06.113,1,0,0
440,WHNVSGSP,10.1016/j.foodchem.2014.06.113,1,0,1
441,FDEQE,10.1016/j.foodchem.2014.06.113,1,0,2
442,WDDMEK,10.1016/j.foodchem.2014.06.113,1,0,3
443,MEMK,10.1016/j.foodchem.2014.06.113,1,0,4
444,LDY,10.1016/j.foodchem.2014.06.113,1,0,0
445,YWVTSGPK,10.1016/j.foodchem.2014.06.113,1,0,1
446,LYEGY,10.1016/j.foodchem.2014.06.113,1,0,2
447,VAMVPPFET,10.1016/j.foodchem.2014.06.113,1,0,3
448,YSEMPPGK,10.1016/j.foodchem.2014.06.113,1,0,4
449,FHNMEK,10.1016/j.foodchem.2014.06.113,1,0,0
450,TW,10.1016/j.foodchem.2014.06.113,1,0,1
451,AW,10.1016/j.foodchem.2014.06.113,1,0,2
452,VW,10.1016/j.foodchem.2014.06.113,1,0,3
453,LW,10.1016/j.foodchem.2014.06.113,1,0,4
454,VPKNYFHDIV,10.1016/j.lwt.2014.07.046,1,0,0
455,FVNQPYLLYSVHMK,10.1016/j.lwt.2014.07.046,1,0,1
456,LVMFLDNQHRVIRH,10.1016/j.lwt.2014.07.046,1,0,2
457,YAKPA,10.1016/j.foodchem.2014.05.082,1,0,3
458,GTQY,10.1016/j.foodchem.2014.05.082,1,0,3
459,ARHPHP,10.1016/j.foodchem.2014.05.082,1,0,4
460,RHPHP,10.1016/j.foodchem.2014.05.082,1,0,4
461,RYPS,10.1016/j.foodchem.2014.05.082,1,0,0
462,SRYPS,10.1016/j.foodchem.2014.05.082,1,0,0
463,AYPS,10.1016/j.foodchem.2014.05.082,1,0,4
464,YAKP,10.1016/j.foodchem.2014.05.082,1,0,3
465,RYQ,10.1016/j.foodchem.2014.05.082,1,0,0
466,VLSRYPS,10.1016/j.foodchem.2014.05.082,1,0,1
467,TIASGEP,10.1016/j.foodchem.2014.05.082,1,0,2
468,YQLD,10.1016/j.foodchem.2014.05.082,1,0,3
469,GYLEQ,10.1016/j.foodchem.2014.05.082,1,0,4
470,RDMPIQ,10.1016/j.foodchem.2014.05.082,1,0,0
471,YPELF,10.1016/j.foodchem.2014.05.082,1,0,0
472,RLKKY,10.1016/j.foodchem.2014.05.082,1,0,2
473,YLKT,10.1016/j.foodchem.2014.05.082,1,0,1
474,TVYQ,10.1016/j.foodchem.2014.05.082,1,0,2
475,LLR,10.1016/j.foodchem.2014.05.082,1,0,3
476,YGLN,10.1016/j.foodchem.2014.05.082,1,0,4
477,YQKFP,10.1016/j.foodchem.2014.05.082,1,0,0
478,YQL,10.1016/j.foodchem.2014.05.082,1,0,1
479,YIPIQY,10.1016/j.foodchem.2014.05.082,1,0,2
480,FYQL,10.1016/j.foodchem.2014.05.082,1,0,3
481,YVGD,10.3136/fstr.19.1029,1,0,4
482,LGNTDYAVH,10.3136/fstr.19.1029,1,0,0
483,DHG,10.1016/j.jff.2014.12.011,1,0,1
484,VGDI,10.1016/j.jff.2014.12.011,1,0,2
485,DHTKE,10.1016/j.foodchem.2014.11.142,1,0,3
486,FFGFN,10.1016/j.foodchem.2014.11.142,1,0,4
487,MPDAHL,10.1016/j.foodchem.2014.11.142,1,0,0
488,ALEPDHR,10.1016/j.foodchem.2015.02.046,1,0,1
489,TETWNPNHPEL,10.1016/j.foodchem.2015.02.046,1,0,2
490,FVPH,10.1016/j.foodchem.2015.02.046,1,0,3
491,SAEHGSLH,10.1016/j.foodchem.2015.02.046,1,0,4
492,LSGYGP,10.1016/j.jff.2012.09.006,1,0,0
493,PYSFK,10.1016/j.jff.2015.04.042,1,0,1
494,GFGPEL,10.1016/j.jff.2015.04.042,1,0,2
495,VGGRP,10.1016/j.jff.2015.04.042,1,0,3
496,VVGGDGDV,10.1016/j.jff.2015.01.011,1,0,4
497,VPVTST,10.1016/j.jff.2015.01.011,1,0,0
498,LTTLDSE,10.1016/j.jff.2015.01.011,1,0,1
499,STMMEERRMKVY,10.1111/ijfs.12130 ,1,0,2
500,DVFRELRVQ,10.1111/ijfs.12130 ,1,0,3
501,EERYP,10.1016/j.foodchem.2015.05.014,1,0,1
502,AEERYP,10.1016/j.foodchem.2015.05.014,1,0,1
503,DEDTQAMP,10.1016/j.foodchem.2015.05.014,1,0,4
504,PVDENDEG,10.1016/j.foodchem.2015.05.014,1,0,0
505,YLGAK,10.1016/j.foodchem.2015.05.014,1,0,1
506,GGLEPINFN,10.1016/j.foodchem.2015.05.014,1,0,2
507,GGIF,10.1016/j.foodres.2014.04.041,1,0,3
508,GVQEGAGHYALL,10.1016/j.foodres.2014.04.041,1,0,4
509,WPP,10.1016/j.jff.2015.03.045,1,0,0
510,YYIVS,10.1016/j.jff.2014.02.012,1,0,1
511,TYQTF,10.1016/j.jff.2014.02.012,1,0,2
512,SGQYFL,10.1016/j.jff.2014.02.012,1,0,3
513,YYDPL,10.1016/j.jff.2014.02.012,1,0,4
514,WDR,10.1016/j.foodchem.2014.07.117,1,0,0
515,GIISHR,10.1016/j.jff.2013.10.004,1,0,1
516,ELLI,10.1016/j.jff.2013.10.004,1,0,2
517,KFPE,10.1016/j.jff.2013.10.004,1,0,3
518,LPF,10.1016/j.jff.2013.08.013,1,0,4
519,LLPF,10.1016/j.jff.2013.08.013,1,0,0
520,FLPF,10.1016/j.jff.2013.08.013,1,0,1
521,LANAK,10.1016/j.bionut.2014.04.006,1,0,2
522,PSLVGRPPVGKLTL,10.1016/j.bionut.2014.04.006,1,0,3
523,VKVLLEHPVL,10.1016/j.bionut.2014.04.006,1,0,4
524,SNAAC,10.1016/j.foodres.2013.12.001,1,0,0
525,AEEEYPDL,10.1016/j.foodres.2013.12.001,1,0,1
526,WG,10.12944/CRNFSJ.4.Special-Issue-October.10,1,0,2
527,QYP,10.1016/j.foodchem.2015.08.089,1,0,3
528,HYVPV,10.12944/CRNFSJ.4.Special-Issue-October.10,1,0,4
529,MK,10.12944/CRNFSJ.4.Special-Issue-October.10,1,0,0
530,MM,10.12944/CRNFSJ.4.Special-Issue-October.10,1,0,1
531,AH,10.12944/CRNFSJ.4.Special-Issue-October.10,1,0,2
532,VAWRNRCKGTD,10.1007/s00217-016-2677-1,1,0,2
533,IRGCRL,10.1007/s00217-016-2677-1,1,0,1
534,WIRGCRL,10.1007/s00217-016-2677-1,1,0,1
535,AWIRGCRL,10.1007/s00217-016-2677-1,1,0,1
536,WRNRCKGTD,10.1007/s00217-016-2677-1,1,0,2
537,IQW,10.1016/j.jff.2014.12.028,1,0,3
538,LTC,10.1007/s13594-015-0226-5,1,0,4
539,GTW,10.1007/s13594-015-0226-5,1,0,0
540,YLL,10.1007/s13594-015-0226-5,1,0,1
541,LFC,10.1007/s13594-015-0226-5,1,0,2
542,CME,10.1007/s13594-015-0226-5,1,0,3
543,QKW,10.1007/s13594-015-0226-5,1,0,4
544,WEN,10.1007/s13594-015-0226-5,1,0,0
545,LAC,10.1007/s13594-015-0226-5,1,0,1
546,ACQ,10.1007/s13594-015-0226-5,1,0,2
547,CQC,10.1007/s13594-015-0226-5,1,0,3
548,QCL,10.1007/s13594-015-0226-5,1,0,4
549,GEC,10.1007/s13594-015-0226-5,1,0,0
550,ECA,10.1007/s13594-015-0226-5,1,0,1
551,CAQ,10.1007/s13594-015-0226-5,1,0,2
552,CLV,10.1007/s13594-015-0226-5,1,0,3
553,NEN,10.1007/s13594-015-0226-5,1,0,4
554,LPM,10.1007/s13594-015-0226-5,1,0,0
555,MHI,10.1007/s13594-015-0226-5,1,0,1
556,DYK,10.1007/s13594-015-0226-5,1,0,2
557,KKY,10.1007/s13594-015-0226-5,1,0,3
558,KYL,10.1007/s13594-015-0226-5,1,0,4
559,EQC,10.1007/s13594-015-0226-5,1,0,0
560,QCH,10.1007/s13594-015-0226-5,1,0,1
561,CHI,10.1007/s13594-015-0226-5,1,0,2
562,CSQAPLA,10.1016/j.foodchem.2016.02.119,1,0,3
563,WYGPD,10.3390/ijms161226155,1,0,4
564,KLSDW,10.3390/ijms161226155,1,0,0
565,KGLWE,10.3390/ijms161226155,1,0,1
566,DLEE,10.1016/j.foodchem.2015.08.101,1,0,2
567,TEVWDSNEQ,10.1016/j.foodchem.2015.11.092,1,0,3
568,IYIEQGNGITGM,10.1016/j.foodchem.2015.11.092,1,0,4
569,YLAGKPQQEH,10.1016/j.foodchem.2015.11.092,1,0,0
570,AWEEREQGSR,10.1016/j.foodchem.2015.11.092,1,0,1
571,ADGF,10.1016/j.jff.2017.12.003,1,0,2
572,AGGF,10.1016/j.jff.2017.12.003,1,0,3
573,AWDPE,10.1016/j.jff.2017.12.003,1,0,4
574,DWDPK,10.1016/j.jff.2017.12.003,1,0,0
575,ETTL,10.1016/j.jff.2017.12.003,1,0,1
576,SGAF,10.1016/j.jff.2017.12.003,1,0,2
577,FC,10.1016/j.foodchem.2014.09.022,1,0,3
578,VKRRGQDCIHGFCSD,10.2174/0929866522666150630104815,1,0,4
579,GQFNDKRWIPFG,10.2174/0929866522666150630104815,1,0,0
580,APIRMWYMYRKLTDMEPKPVA,10.2174/0929866522666150630104815,1,0,1
581,VLVPK,10.1016/j.foodchem.2018.01.033,1,0,2
582,KDVPP,10.1016/j.foodchem.2018.01.033,1,0,3
583,GQVPP,10.1016/j.foodchem.2018.01.033,1,0,4
584,PKLPPVKK,10.1016/j.foodchem.2018.01.033,1,0,0
585,DGVVYY,10.1016/j.foodchem.2018.01.033,1,0,1
586,IVEYF,10.1016/j.foodchem.2018.01.033,1,0,2
587,GFYPPP,10.1016/j.foodchem.2018.01.033,1,0,3
588,DVPPYM,10.1016/j.foodchem.2018.01.033,1,0,4
589,PGVPWP,10.1016/j.foodchem.2018.01.033,1,0,0
590,RYLGY,10.1016/j.idairyj.2013.05.008,1,0,2
591,RY,10.1016/j.idairyj.2013.05.008,1,0,1
592,RYL,10.1016/j.idairyj.2013.05.008,1,0,2
593,RYLG,10.1016/j.idairyj.2013.05.008,1,0,2
594,YLG,10.1016/j.idairyj.2013.05.008,1,0,3
595,YLGY,10.1016/j.idairyj.2013.05.008,1,0,2
596,LGY,10.1016/j.idairyj.2013.05.008,1,0,4
597,AYFYPEL,10.1016/j.idairyj.2013.05.008,1,0,0
598,AYFYPE,10.1016/j.idairyj.2013.05.008,1,0,0
599,YQKFPQY,10.1016/j.idairyj.2013.05.008,1,0,0
600,YQK,10.1016/j.idairyj.2013.05.008,1,0,1
601,FPQY,10.1016/j.idairyj.2013.05.008,1,0,2
602,VAGTWY,10.1016/j.jff.2014.04.002,1,0,3
603,VYPFPGPIPN,10.1007/s00217-012-1894-5,1,0,4
604,YQEPVLGPVRGPFPIIV,10.1007/s00217-012-1894-5,1,0,0
605,VPKVK,10.3168/jds.S0022-0302(06)72370-0,1,0,1
606,SCH,10.1016/j.procbio.2013.04.013,0,1,2
607,DHHQ,10.1021/jf062387g,0,1,3
608,DHHQVYSPGEQ,10.1021/jf062387g,0,1,4
609,DAHK,10.1021/jf062387g,0,1,0
610,DHHK,10.1021/jf062387g,0,1,1
611,LPWRPATNVF,10.3390/molecules21010072,0,1,2
612,AWFS,10.3390/molecules21010072,0,1,3
613,YGIKVGYAIP,10.3390/molecules21010072,0,1,4
614,YLLLK,10.1016/j.foodres.2014.04.041,0,1,0
615,WAFS,10.1016/j.foodres.2014.04.041,0,1,1
616,FFRSKLLSDGAAAKGALLPQYW,10.1016/j.jff.2016.01.011,0,1,2
617,WNLNAN,10.1007/s00217-009-1093-1,0,0,3
618,SLDFPALW,10.1007/s00217-009-1093-1,0,0,4
619,FESFFL,10.1007/s00217-009-1093-1,0,0,0
620,FQTLF,10.1007/s00217-009-1093-1,0,0,1
621,SYLQGF,10.1007/s00217-009-1093-1,0,0,2
622,LFF,10.1007/s00217-009-1093-1,0,0,3
623,VLLPDEVSGL,10.4315/0362-028X-67.9.1939,0,0,4
624,RDILNQ,10.4315/0362-028X-67.9.1939,0,0,0
625,ESIINF,10.4315/0362-028X-67.9.1939,0,0,1
626,VALDGGL,10.4315/0362-028X-67.9.1939,0,0,2
627,DLIN,10.4315/0362-028X-67.9.1939,0,0,3
628,IVF,10.4315/0362-028X-67.9.1939,0,0,4
629,FSL,10.4315/0362-028X-67.9.1939,0,0,0
630,PP,10.4315/0362-028X-67.9.1939,0,0,1
631,SVPQPK,10.1016/j.idairyj.2005.12.012,0,0,3
632,EVPKA,10.1016/j.idairyj.2005.12.012,0,0,2
633,PLAQPA,10.1016/j.foodchem.2010.11.146,0,0,3
634,LLNPT,10.1016/j.idairyj.2005.12.012,0,0,4
635,HLPLP,10.1016/j.idairyj.2005.12.012,0,0,2
636,VLPIPQ,10.1016/j.idairyj.2005.12.012,0,0,0
637,LWL,10.1021/jf021191n,0,0,1
638,PWK,10.1021/jf021191n,0,0,2
639,PWM,10.1021/jf021191n,0,0,3
640,RWD,10.1021/jf021191n,0,0,4
641,RWF,10.1021/jf021191n,0,0,0
642,RWK,10.1021/jf021191n,0,0,1
643,RWM,10.1021/jf021191n,0,0,2
644,RWS,10.1021/jf021191n,0,0,3
645,RWV,10.1021/jf021191n,0,0,4
646,FSDKIAK,10.1051/lait:2007019,0,0,0
647,EIPT,10.1051/lait:2007019,0,0,1
648,VQVTSTAV,10.1051/lait:2007019,0,0,2
649,RINKK,10.1051/lait:2007019,0,0,3
650,RINK,10.1051/lait:2007019,0,0,3
651,LKKISQ,10.1051/lait:2007019,0,0,3
652,PLAPQA,10.1016/j.foodchem.2010.11.146,0,0,4
653,VPVQA,10.1016/j.foodchem.2010.11.146,0,0,0
654,IR,10.1016/j.foodchem.2010.04.083,0,0,1
655,LKP,10.1016/j.foodchem.2010.04.083,0,0,2
656,LK,10.1016/j.foodchem.2010.04.083,0,0,3
657,KP,10.1016/j.foodchem.2010.04.083,0,0,4
658,LSKAQSDFG,10.1021/jf101323y,0,0,0
659,LVEKGDVAFI,10.1021/jf101323y,0,0,1
660,ALSAF,10.1016/j.foodchem.2014.06.113,0,0,2
661,SVDSQTAF,10.1016/j.foodchem.2015.05.014,0,0,3
662,LPDEVSG,10.1016/j.foodchem.2015.05.014,0,0,4
663,QPSSVDSQTAM,10.1016/j.foodchem.2015.05.014,0,0,0
664,WAF,10.1016/j.foodres.2014.04.041,0,0,1
665,YMVSAIWG,10.1016/j.jff.2014.02.012,0,0,2
666,GAA,10.1016/j.jff.2013.10.004,0,0,3
667,GFVG,10.1016/j.jff.2013.10.004,0,0,4
668,APGAPGPVG,10.12944/CRNFSJ.4.Special-Issue-October.10,0,0,0
669,PDLVF,10.12944/CRNFSJ.4.Special-Issue-October.10,0,0,1
670,MKC,10.1007/s13594-015-0226-5,0,0,2
671,KCL,10.1007/s13594-015-0226-5,0,0,3
672,CLL,10.1007/s13594-015-0226-5,0,0,4
673,LLL,10.1007/s13594-015-0226-5,0,0,0
674,LLA,10.1007/s13594-015-0226-5,0,0,1
675,LAL,10.1007/s13594-015-0226-5,0,0,2
676,ALA,10.1007/s13594-015-0226-5,0,0,3
677,ALT,10.1007/s13594-015-0226-5,0,0,4
678,TCG,10.1007/s13594-015-0226-5,0,0,0
679,CGA,10.1007/s13594-015-0226-5,0,0,1
680,GAQ,10.1007/s13594-015-0226-5,0,0,2
681,AQA,10.1007/s13594-015-0226-5,0,0,3
682,QAL,10.1007/s13594-015-0226-5,0,0,4
683,ALI,10.1007/s13594-015-0226-5,0,0,0
684,LIV,10.1007/s13594-015-0226-5,0,0,1
685,IVT,10.1007/s13594-015-0226-5,0,0,2
686,VTQ,10.1007/s13594-015-0226-5,0,0,3
687,TQT,10.1007/s13594-015-0226-5,0,0,4
688,QTM,10.1007/s13594-015-0226-5,0,0,0
689,TMK,10.1007/s13594-015-0226-5,0,0,1
690,MKG,10.1007/s13594-015-0226-5,0,0,2
691,KGL,10.1007/s13594-015-0226-5,0,0,3
692,GLD,10.1007/s13594-015-0226-5,0,0,4
693,LDI,10.1007/s13594-015-0226-5,0,0,0
694,DIQ,10.1007/s13594-015-0226-5,0,0,1
695,IQK,10.1007/s13594-015-0226-5,0,0,2
696,QKV,10.1007/s13594-015-0226-5,0,0,3
697,KVA,10.1007/s13594-015-0226-5,0,0,4
698,VAG,10.1007/s13594-015-0226-5,0,0,0
699,AGT,10.1007/s13594-015-0226-5,0,0,1
700,TWY,10.1007/s13594-015-0226-5,0,0,2
701,YSL,10.1007/s13594-015-0226-5,0,0,3
702,SLA,10.1007/s13594-015-0226-5,0,0,4
703,LAM,10.1007/s13594-015-0226-5,0,0,0
704,AMA,10.1007/s13594-015-0226-5,0,0,1
705,MAA,10.1007/s13594-015-0226-5,0,0,2
706,AAS,10.1007/s13594-015-0226-5,0,0,3
707,ASD,10.1007/s13594-015-0226-5,0,0,4
708,SDI,10.1007/s13594-015-0226-5,0,0,0
709,DIS,10.1007/s13594-015-0226-5,0,0,1
710,ISL,10.1007/s13594-015-0226-5,0,0,2
711,SLL,10.1007/s13594-015-0226-5,0,0,3
712,LLD,10.1007/s13594-015-0226-5,0,0,4
713,LDA,10.1007/s13594-015-0226-5,0,0,0
714,DAQ,10.1007/s13594-015-0226-5,0,0,1
715,AQS,10.1007/s13594-015-0226-5,0,0,2
716,QSA,10.1007/s13594-015-0226-5,0,0,3
717,SAP,10.1007/s13594-015-0226-5,0,0,4
718,APL,10.1007/s13594-015-0226-5,0,0,0
719,PLR,10.1007/s13594-015-0226-5,0,0,1
720,LRV,10.1007/s13594-015-0226-5,0,0,2
721,RVY,10.1007/s13594-015-0226-5,0,0,3
722,VYV,10.1007/s13594-015-0226-5,0,0,4
723,YVE,10.1007/s13594-015-0226-5,0,0,0
724,VEE,10.1007/s13594-015-0226-5,0,0,1
725,EEL,10.1007/s13594-015-0226-5,0,0,2
726,ELK,10.1007/s13594-015-0226-5,0,0,3
727,KPT,10.1007/s13594-015-0226-5,0,0,4
728,PTP,10.1007/s13594-015-0226-5,0,0,0
729,TPE,10.1007/s13594-015-0226-5,0,0,1
730,PEG,10.1007/s13594-015-0226-5,0,0,2
731,EGD,10.1007/s13594-015-0226-5,0,0,3
732,LLF,10.1007/s13594-015-0226-5,0,0,4
733,FCM,10.1007/s13594-015-0226-5,0,0,0
734,MEN,10.1007/s13594-015-0226-5,0,0,1
735,ENS,10.1007/s13594-015-0226-5,0,0,2
736,NSA,10.1007/s13594-015-0226-5,0,0,3
737,GDL,10.1007/s13594-015-0226-5,0,0,4
738,DLE,10.1007/s13594-015-0226-5,0,0,0
739,LEI,10.1007/s13594-015-0226-5,0,0,1
740,EIL,10.1007/s13594-015-0226-5,0,0,2
741,ILL,10.1007/s13594-015-0226-5,0,0,3
742,LLQ,10.1007/s13594-015-0226-5,0,0,4
743,LQK,10.1007/s13594-015-0226-5,0,0,0
744,KWE,10.1007/s13594-015-0226-5,0,0,1
745,SAE,10.1007/s13594-015-0226-5,0,0,2
746,AEP,10.1007/s13594-015-0226-5,0,0,3
747,EPE,10.1007/s13594-015-0226-5,0,0,4
748,PEQ,10.1007/s13594-015-0226-5,0,0,0
749,EQS,10.1007/s13594-015-0226-5,0,0,1
750,QSL,10.1007/s13594-015-0226-5,0,0,2
751,ENG,10.1007/s13594-015-0226-5,0,0,3
752,NGE,10.1007/s13594-015-0226-5,0,0,4
753,AQK,10.1007/s13594-015-0226-5,0,0,0
754,QKK,10.1007/s13594-015-0226-5,0,0,1
755,KKI,10.1007/s13594-015-0226-5,0,0,2
756,KII,10.1007/s13594-015-0226-5,0,0,3
757,IIA,10.1007/s13594-015-0226-5,0,0,4
758,LVR,10.1007/s13594-015-0226-5,0,0,0
759,VRT,10.1007/s13594-015-0226-5,0,0,1
760,RTP,10.1007/s13594-015-0226-5,0,0,2
761,PEV,10.1007/s13594-015-0226-5,0,0,3
762,EVD,10.1007/s13594-015-0226-5,0,0,4
763,VDD,10.1007/s13594-015-0226-5,0,0,0
764,DDE,10.1007/s13594-015-0226-5,0,0,1
765,DEA,10.1007/s13594-015-0226-5,0,0,2
766,EAL,10.1007/s13594-015-0226-5,0,0,3
767,IAE,10.1007/s13594-015-0226-5,0,0,4
768,AEK,10.1007/s13594-015-0226-5,0,0,0
769,EKT,10.1007/s13594-015-0226-5,0,0,1
770,KTK,10.1007/s13594-015-0226-5,0,0,2
771,TKI,10.1007/s13594-015-0226-5,0,0,3
772,KIP,10.1007/s13594-015-0226-5,0,0,4
773,IPA,10.1007/s13594-015-0226-5,0,0,0
774,PAV,10.1007/s13594-015-0226-5,0,0,1
775,AVF,10.1007/s13594-015-0226-5,0,0,2
776,VFK,10.1007/s13594-015-0226-5,0,0,3
777,ALE,10.1007/s13594-015-0226-5,0,0,4
778,LEK,10.1007/s13594-015-0226-5,0,0,0
779,EKF,10.1007/s13594-015-0226-5,0,0,1
780,KFD,10.1007/s13594-015-0226-5,0,0,2
781,FDK,10.1007/s13594-015-0226-5,0,0,3
782,DKA,10.1007/s13594-015-0226-5,0,0,4
783,KAL,10.1007/s13594-015-0226-5,0,0,0
784,ALK,10.1007/s13594-015-0226-5,0,0,1
785,LKA,10.1007/s13594-015-0226-5,0,0,2
786,ALP,10.1007/s13594-015-0226-5,0,0,3
787,FKI,10.1007/s13594-015-0226-5,0,0,4
788,KID,10.1007/s13594-015-0226-5,0,0,0
789,IDA,10.1007/s13594-015-0226-5,0,0,1
790,DAL,10.1007/s13594-015-0226-5,0,0,2
791,ALN,10.1007/s13594-015-0226-5,0,0,3
792,LNE,10.1007/s13594-015-0226-5,0,0,4
793,ENK,10.1007/s13594-015-0226-5,0,0,0
794,NKV,10.1007/s13594-015-0226-5,0,0,1
795,KVL,10.1007/s13594-015-0226-5,0,0,2
796,PMH,10.1007/s13594-015-0226-5,0,0,3
797,HIR,10.1007/s13594-015-0226-5,0,0,4
798,IRL,10.1007/s13594-015-0226-5,0,0,0
799,RLS,10.1007/s13594-015-0226-5,0,0,1
800,LSF,10.1007/s13594-015-0226-5,0,0,2
801,SFN,10.1007/s13594-015-0226-5,0,0,3
802,FNP,10.1007/s13594-015-0226-5,0,0,4
803,NPT,10.1007/s13594-015-0226-5,0,0,0
804,VLV,10.1007/s13594-015-0226-5,0,0,1
805,LVL,10.1007/s13594-015-0226-5,0,0,2
806,VLD,10.1007/s13594-015-0226-5,0,0,3
807,LDT,10.1007/s13594-015-0226-5,0,0,4
808,DTD,10.1007/s13594-015-0226-5,0,0,0
809,YKK,10.1007/s13594-015-0226-5,0,0,1
810,PTQ,10.1007/s13594-015-0226-5,0,0,2
811,TQL,10.1007/s13594-015-0226-5,0,0,3
812,QLE,10.1007/s13594-015-0226-5,0,0,4
813,LEE,10.1007/s13594-015-0226-5,0,0,0
814,EEQ,10.1007/s13594-015-0226-5,0,0,1
815,YPKLAPNE,10.1016/j.foodchem.2016.02.119,0,0,2
816,YPQLLPNE,10.1016/j.foodchem.2016.02.119,0,0,3
817,DPAQPNYPWTAVLVFRH,10.1016/j.jff.2016.01.011,0,0,4
818,TMFPSA,10.3390/ijms161226155,0,0,0
819,WIHNENQGF,10.3390/ijms161226155,0,0,1
820,MPVHTDAD,10.3390/ijms161226155,0,0,2
821,YPSPV,10.3390/ijms161226155,0,0,3
822,SDNRNQGY,10.3390/ijms161226155,0,0,4
823,IQVPL,10.3390/ijms161226155,0,0,0
824,GDRFQDQHQ,10.1016/j.foodchem.2015.11.092,0,0,1
825,LAGKPQQEHSGEHQ,10.1016/j.foodchem.2015.11.092,0,0,2
826,LQAEQDDR,10.1016/j.foodchem.2015.11.092,0,0,3
827,HVIKPPSRA,10.1016/j.foodchem.2015.11.092,0,0,4
828,AVNVDDPSK,10.1016/j.foodchem.2015.11.092,0,0,0
829,KFNRPETT,10.1016/j.foodchem.2015.11.092,0,0,1
830,PGLPKK,10.1016/j.foodchem.2018.01.033,0,0,2
831,ASLLPPY,10.1016/j.foodchem.2018.01.033,0,0,3
832,VALGVPHH,10.1016/j.foodchem.2018.01.033,0,0,4
833,VPPLYPN,10.1016/j.foodchem.2018.01.033,0,0,0
834,DSGVT,10.1021/jf021156g,1,1,1
835,IEAEGE,10.1021/jf021156g,1,1,2
836,DAQEKLE,10.1021/jf021156g,1,1,3
837,EELDNALN,10.1021/jf021156g,1,1,4
838,VPSIDDQEELM,10.1021/jf021156g,1,1,0
839,HFGDPFH,10.1016/j.foodres.2004.10.002,1,1,1
840,PSYV,10.1016/j.foodres.2010.02.009,1,1,2
841,HPLH,10.1021/jf950833m,1,1,3
842,HHLP,10.1021/jf950833m,1,1,4
843,HL,10.1021/jf950833m,1,1,0
844,HLPH,10.1021/jf950833m,1,1,1
845,LLPH,10.1021/jf950833m,1,1,0
846,PLHH,10.1021/jf950833m,1,1,2
847,HPHL,10.1021/jf950833m,1,1,3
848,HH,10.1021/jf950833m,1,1,4
849,HPH,10.1021/jf950833m,1,1,0
850,LLHH,10.1021/jf950833m,1,1,1
851,HHPLL,10.1021/jf950833m,1,1,4
852,HLHP,10.1021/jf950833m,1,1,2
853,LPHH,10.1021/jf950833m,1,1,0
854,HHPL,10.1021/jf950833m,1,1,4
855,LHPH,10.1021/jf950833m,1,1,3
856,HHP,10.1021/jf950833m,1,1,4
857,LH,10.1021/jf950833m,1,1,0
858,LLPHH,10.1021/jf950833m,1,1,0
859,HLH,10.1021/jf950833m,1,1,1
860,LLPHHH,10.1021/jf950833m,1,1,0
861,LHH,10.1021/jf950833m,1,1,2
862,PHH,10.1021/jf950833m,1,1,3
863,FYY,10.1021/jf021191n,1,1,4
864,AVPYPQR,10.1021/jf0003911,1,1,0
865,KVLPVPQK,10.1021/jf0003911,1,1,4
866,IPAGM,10.1016/j.jff.2013.11.005,1,1,3
867,LPAGV,10.1016/j.jff.2013.11.005,1,1,3
868,EFLQ,10.1016/j.jff.2013.11.005,1,1,1
869,IPAGV,10.1016/j.jff.2013.11.005,1,1,3
870,EFQI,10.1016/j.jff.2013.11.005,1,1,2
871,FEQI,10.1016/j.jff.2013.11.005,1,1,3
872,LALPA,10.1016/j.jff.2013.11.005,1,1,4
873,EFQL,10.1016/j.jff.2013.11.005,1,1,0
874,LEEAF,10.1016/j.jff.2013.11.005,1,1,0
875,PSIPA,10.1016/j.jff.2013.11.005,1,1,1
876,PSLPA,10.1016/j.jff.2013.11.005,1,1,1
877,WVYY,10.1016/j.jff.2013.11.005,1,1,1
878,LPL,10.1016/j.jff.2013.11.005,1,1,2
879,LQL,10.1016/j.jff.2013.11.005,1,1,3
880,YNL,10.1016/j.jff.2013.11.005,1,1,4
881,IEEAF,10.1016/j.jff.2013.11.005,1,1,0
882,FEQL,10.1016/j.jff.2013.11.005,1,1,0
883,VSYT,10.1016/j.jff.2013.11.005,1,1,1
884,YNI,10.1016/j.jff.2013.11.005,1,1,2
885,EFIQ,10.1016/j.jff.2013.11.005,1,1,3
886,VECYGPNRPQF,10.1016/j.biortech.2009.02.014,1,1,4
887,DW,10.1016/j.foodres.2013.09.052,1,1,0
888,RASDPLLSV,10.1039/C4RA12943A,1,1,1
889,RNDDLNYIQ,10.1039/C4RA12943A,1,1,2
890,LAPSLPGKPKPD,10.1039/C4RA12943A,1,1,3
891,AGTTCLFTPLALPYDYSH,10.1039/C4RA12943A,1,1,4
892,RPNYTDA,10.1016/j.foodchem.2015.01.137,1,1,0
893,TSQLLSDQ,10.1016/j.foodchem.2015.01.137,1,1,1
894,TRTGDPFF,10.1016/j.foodchem.2015.01.137,1,1,2
895,NFHPQ,10.1016/j.foodchem.2015.01.137,1,1,3
896,GIFE,10.1016/j.foodres.2014.04.041,1,1,4
897,MPACGSS,10.1039/x0xx00000x,1,1,0
898,MTEEY,10.1039/x0xx00000x,1,1,1
899,LSGNK,10.1039/x0xx00000x,1,1,2
900,GEGSGA,10.1039/x0xx00000x,1,1,3
901,GLTSK,10.1039/x0xx00000x,1,1,4
902,SDRDLLGPNNQYLPK,10.1016/j.foodchem.2016.02.127,1,1,0
903,RCMAFLLSDGAAAAQQLLPQYW,10.1016/j.jff.2016.01.011,1,1,1
904,AVRGLL,-,0,0,2
905,LG,-,0,0,3
906,DGYFD,-,0,0,4
907,NNEYKT,-,0,0,0
908,VIRP,-,0,0,1
909,EIE,-,0,0,2
910,GAL,-,0,0,3
911,KHNHRD,-,0,0,4
912,AIA,-,0,0,0
913,VDV,-,0,0,1
914,EACHK,-,0,0,2
915,PALDSAKSERYPDR,-,0,0,3
916,FR,-,0,0,4
917,FNEG,-,0,0,0
918,LGHAEAV,-,0,0,1
919,YDKGQ,-,0,0,2
920,TTLVGS,-,0,0,3
921,HDT,-,0,0,4
922,LLHARSKNAY,-,0,0,0
923,TSYGPC,-,0,0,1
924,VIQG,-,0,0,2
925,VRK,-,0,0,3
926,YKQ,-,0,0,4
927,PRNRY,-,0,0,0
928,ERR,-,0,0,1
929,LQG,-,0,0,2
930,KDVNA,-,0,0,3
931,AKNLK,-,0,0,4
932,KCAQL,-,0,0,0
933,TKTGAFN,-,0,0,1
934,RPHT,-,0,0,2
935,FAINVWGRAT,-,0,0,3
936,KGV,-,0,0,4
937,KVE,-,0,0,0
938,EGK,-,0,0,1
939,SRQDRGLE,-,0,0,2
940,KDE,-,0,0,3
941,LACQE,-,0,0,4
942,LLQL,-,0,0,0
943,DTSLKLR,-,0,0,1
944,LIEGFDRD,-,0,0,2
945,ETL,-,0,0,3
946,LFRECG,-,0,0,4
947,YKR,-,0,0,0
948,TFNKPFLSY,-,0,0,1
949,SSL,-,0,0,2
950,LAV,-,0,0,3
951,WNN,-,0,0,4
952,FAS,-,0,0,0
953,VAEAEDLM,-,0,0,1
954,EVF,-,0,0,2
955,ELI,-,0,0,3
956,LTVNVNILGKAK,-,0,0,4
957,QAWVMDQTFVVPKDDWVIG,-,0,0,0
958,GKA,-,0,0,1
959,YTEYFVGV,-,0,0,2
960,CIE,-,0,0,3
961,GDHYK,-,0,0,4
962,LGGTQSGSDT,-,0,0,0
963,ENGE,-,0,0,1
964,FDGA,-,0,0,2
965,LYI,-,0,0,3
966,KGA,-,0,0,4
967,DSD,-,0,0,0
968,ELE,-,0,0,1
969,PLD,-,0,0,2
970,DLEWTQ,-,0,0,3
971,KQS,-,0,0,4
972,LNT,-,0,0,0
973,GRRID,-,0,0,1
974,SGL,-,0,0,2
975,EPP,-,0,0,3
976,DIYLRILQS,-,0,0,4
977,DGGLLM,-,0,0,0
978,EPRGVYKGA,-,0,0,1
979,RQQ,-,0,0,2
980,DRQKT,-,0,0,3
981,SQGL,-,0,0,4
982,KKS,-,0,0,0
983,CI,-,0,0,1
984,VTL,-,0,0,2
985,KAFT,-,0,0,3
986,ETIL,-,0,0,4
987,NTS,-,0,0,0
988,LFN,-,0,0,1
989,KMGNPNVTDVSYEVYGP,-,0,0,2
990,NIR,-,0,0,3
991,GHTV,-,0,0,4
992,HILGILSVLRDVNLLW,-,0,0,0
993,MQDI,-,0,0,1
994,SAKQ,-,0,0,2
995,NVATNPPC,-,0,0,3
996,YDT,-,0,0,4
997,IYR,-,0,0,0
998,AFSELFA,-,0,0,1
999,HQEIRL,-,0,0,2
1000,LLSN,-,0,0,3
1001,EHRF,-,0,0,4
1002,YVEGM,-,0,0,0
1003,VVQ,-,0,0,1
1004,DEI,-,0,0,2
1005,RLL,-,0,0,3
1006,LEG,-,0,0,4
1007,AFA,-,0,0,0
1008,YNQAEMGTG,-,0,0,1
1009,FHR,-,0,0,2
1010,ATD,-,0,0,3
1011,LCDILY,-,0,0,4
1012,NKVGCP,-,0,0,0
1013,ETS,-,0,0,1
1014,EYSIV,-,0,0,2
1015,YIG,-,0,0,3
1016,RPE,-,0,0,4
1017,PCAAL,-,0,0,0
1018,PRR,-,0,0,1
1019,ATN,-,0,0,2
1020,AMSRDIQLEDI,-,0,0,3
1021,KIRDGVHAMTY,-,0,0,4
1022,GAPK,-,0,0,0
1023,ARTQ,-,0,0,1
1024,VD,-,0,0,2
1025,LLYCYRAELLEKASQNA,-,0,0,3
1026,QNVF,-,0,0,4
1027,VPYRIAP,-,0,0,0
1028,SQIG,-,0,0,1
1029,RAFSLEYSY,-,0,0,2
1030,VQKD,-,0,0,3
1031,GIGKIL,-,0,0,4
1032,ELTDK,-,0,0,0
1033,MASM,-,0,0,1
1034,GRMCRQY,-,0,0,2
1035,LAGVWHD,-,0,0,3
1036,KNIP,-,0,0,4
1037,RLV,-,0,0,0
1038,LF,-,0,0,1
1039,DALK,-,0,0,2
1040,ESARGDQF,-,0,0,3
1041,LAGLD,-,0,0,4
1042,DYHPGTE,-,0,0,0
1043,YNLDNFLA,-,0,0,1
1044,YCGAS,-,0,0,2
1045,VEKNNSF,-,0,0,3
1046,VGIER,-,0,0,4
1047,DF,-,0,0,0
1048,QQNMLA,-,0,0,1
1049,TSM,-,0,0,2
1050,FFD,-,0,0,3
1051,ADY,-,0,0,4
1052,TRFGYMNN,-,0,0,0
1053,NE,-,0,0,1
1054,YDLEMI,-,0,0,2
1055,IDTQGK,-,0,0,3
1056,DIP,-,0,0,4
1057,VRVQD,-,0,0,0
1058,IMNKRAV,-,0,0,1
1059,PEAKIQL,-,0,0,2
1060,IWRAREA,-,0,0,3
1061,DAV,-,0,0,4
1062,LIRIRIGT,-,0,0,0
1063,LFD,-,0,0,1
1064,SGRDRLCK,-,0,0,2
1065,MIYTVV,-,0,0,3
1066,NSTTQ,-,0,0,4
1067,SLT,-,0,0,0
1068,EGQSEMGKNS,-,0,0,1
1069,EELNEFKTYKIKVIK,-,0,0,2
1070,AGHEGFSS,-,0,0,3
1071,KWQ,-,0,0,4
1072,SSQFELRFVN,-,0,0,0
1073,GES,-,0,0,1
1074,GEFKKKQ,-,0,0,2
1075,THL,-,0,0,3
1076,SP,-,0,0,4
1077,VHR,-,0,0,0
1078,FSGLPE,-,0,0,1
1079,DRE,-,0,0,2
1080,ATDVNIC,-,0,0,3
1081,EHNY,-,0,0,4
1082,IHEP,-,0,0,0
1083,QII,-,0,0,1
1084,LQD,-,0,0,2
1085,SLDI,-,0,0,3
1086,VVHNPPILF,-,0,0,4
1087,GAFRLWD,-,0,0,0
1088,VSA,-,0,0,1
1089,NCKIMTEG,-,0,0,2
1090,NIAQ,-,0,0,3
1091,RIR,-,0,0,4
1092,LFRHGTYRRTFLPGGEEETED,-,0,0,0
1093,SIV,-,0,0,1
1094,PKLGT,-,0,0,2
1095,NVS,-,0,0,3
1096,FLVNDCI,-,0,0,4
1097,NKTPW,-,0,0,0
1098,CTFPMNPDTERV,-,0,0,1
1099,MKRRPA,-,0,0,2
1100,IDPQVSMEILAIRAIN,-,0,0,3
1101,VNALS,-,0,0,4
1102,ADA,-,0,0,0
1103,YTIMGQFSPLAKML,-,0,0,1
1104,MLEDVEEP,-,0,0,2
1105,RETSSFLD,-,0,0,3
1106,NEAGNIPTIGWQNL,-,0,0,4
1107,LEWVFSLIIDR,-,0,0,0
1108,RKATRV,-,0,0,1
1109,ESE,-,0,0,2
1110,SVLGD,-,0,0,3
1111,FE,-,0,0,4
1112,VNFF,-,0,0,0
1113,GGIMEQDTIS,-,0,0,1
1114,WQDEKVNPAFAA,-,0,0,2
1115,LRKIGVQYRG,-,0,0,3
1116,EMLIRIL,-,0,0,4
1117,ELAKLQDKA,-,0,0,0
1118,SELMVSEPI,-,0,0,1
1119,VGS,-,0,0,2
1120,FATNL,-,0,0,3
1121,KAG,-,0,0,4
1122,AARIRLS,-,0,0,0
1123,KIPL,-,0,0,1
1124,PLCSDS,-,0,0,2
1125,GFK,-,0,0,3
1126,YLVC,-,0,0,4
1127,VRSDF,-,0,0,0
1128,VQI,-,0,0,1
1129,SDIGV,-,0,0,2
1130,ERERAGKKKDITLA,-,0,0,3
1131,DAADVNICNYPMYVDA,-,0,0,4
1132,TGCI,-,0,0,0
1133,IK,-,0,0,1
1134,RPLRSYA,-,0,0,2
1135,RMSPSG,-,0,0,3
1136,LLIQ,-,0,0,4
1137,EEVNSPNIEGEPILILAAKGELLFC,-,0,0,0
1138,CQG,-,0,0,1
1139,IGSLL,-,0,0,2
1140,IEL,-,0,0,3
1141,KVEHDL,-,0,0,4
1142,TVFALRRG,-,0,0,0
1143,NGIL,-,0,0,1
1144,AIALAAAKL,-,0,0,2
1145,MEKI,-,0,0,3
1146,TFWT,-,0,0,4
1147,QCIRITRLII,-,0,0,0
1148,RPPE,-,0,0,1
1149,ASEED,-,0,0,2
1150,SQKQNGLMFEVE,-,0,0,3
1151,LYQADCRV,-,0,0,4
1152,YPFAKGQLSQ,-,0,0,0
1153,RG,-,0,0,1
1154,QEV,-,0,0,2
1155,VKLSVSELVV,-,0,0,3
1156,ELIEFQFLAE,-,0,0,4
1157,FPAHST,-,0,0,0
1158,MLLG,-,0,0,1
1159,KIK,-,0,0,2
1160,PGA,-,0,0,3
1161,TPCKL,-,0,0,4
1162,LTTESK,-,0,0,0
1163,GFCLF,-,0,0,1
1164,PYS,-,0,0,2
1165,HNQRKRGS,-,0,0,3
1166,GFSSMG,-,0,0,4
1167,TNQ,-,0,0,0
1168,NST,-,0,0,1
1169,TED,-,0,0,2
1170,LN,-,0,0,3
1171,RDA,-,0,0,4
1172,KNRATLSPDDQLLFLNP,-,0,0,0
1173,IIKLYIST,-,0,0,1
1174,GIAPSG,-,0,0,2
1175,ICEEKI,-,0,0,3
1176,KRLANHKK,-,0,0,4
1177,GRSW,-,0,0,0
1178,ALKFA,-,0,0,1
1179,GVKLART,-,0,0,2
1180,KEGVPGINA,-,0,0,3
1181,NALIAR,-,0,0,4
1182,EKGA,-,0,0,0
1183,ALDSDQYY,-,0,0,1
1184,KVPDKMK,-,0,0,2
1185,AGPC,-,0,0,3
1186,KAAI,-,0,0,4
1187,QSHEAFVMAESNTAF,-,0,0,0
1188,AQELAVK,-,0,0,1
1189,EPTTGGLDIRG,-,0,0,2
1190,MNINK,-,0,0,3
1191,PEPGFVDPPRSMEVLRK,-,0,0,4
1192,GK,-,0,0,0
1193,LCSLGGAK,-,0,0,1
1194,EHVNNDI,-,0,0,2
1195,KLLQQ,-,0,0,3
1196,LLFS,-,0,0,4
1197,DLD,-,0,0,0
1198,NGEW,-,0,0,1
1199,MVNGTS,-,0,0,2
1200,PAHHAEMI,-,0,0,3
1201,LE,-,0,0,4
1202,SFLYARVNEPLMLIS,-,0,0,0
1203,GVFCKAY,-,0,0,1
1204,CMF,-,0,0,2
1205,IPVDSRPLTTL,-,0,0,3
1206,RSADERENPT,-,0,0,4
1207,AGLVVHLVGIKEALN,-,0,0,0
1208,LLAGKPSYLPAL,-,0,0,1
1209,LNPREA,-,0,0,2
1210,YAASKYREQ,-,0,0,3
1211,YRGRIIIRA,-,0,0,4
1212,RSLQCWR,-,0,0,0
1213,LVLTLPPRFG,-,0,0,1
1214,TGQSSN,-,0,0,2
1215,NILAQANYTNG,-,0,0,3
1216,QSLIT,-,0,0,4
1217,DRMVKGL,-,0,0,0
1218,ER,-,0,0,1
1219,ALHLIA,-,0,0,2
1220,NVRVSTPA,-,0,0,3
1221,KH,-,0,0,4
1222,GFFQ,-,0,0,0
1223,TF,-,0,0,1
1224,SA,-,0,0,2
1225,YLLNT,-,0,0,3
1226,IAQ,-,0,0,4
1227,VPRDEAP,-,0,0,0
1228,ANGVTRSIFAKRF,-,0,0,1
1229,DQEGN,-,0,0,2
1230,GL,-,0,0,3
1231,LDQ,-,0,0,4
1232,FHRAVQECTV,-,0,0,0
1233,LRQSLLRTMP,-,0,0,1
1234,MA,-,0,0,2
1235,GRIPGDKGGIFT,-,0,0,3
1236,YHLGKAFQRKADEA,-,0,0,4
1237,DTPRF,-,0,0,0
1238,DALE,-,0,0,1
1239,IRVRLEPFWLR,-,0,0,2
1240,KPLSYEH,-,0,0,3
1241,QAN,-,0,0,4
1242,GDLP,-,0,0,0
1243,GTLIGSKDVVF,-,0,0,1
1244,DNDTQDPLALK,-,0,0,2
1245,CVIV,-,0,0,3
1246,KMHFPQPQHL,-,0,0,4
1247,WDGQGP,-,0,0,0
1248,EPFAILM,-,0,0,1
1249,FDPVQI,-,0,0,2
1250,DSWLNLG,-,0,0,3
1251,SY,-,0,0,4
1252,CT,-,0,0,0
1253,GIDNEPLT,-,0,0,1
1254,AQSD,-,0,0,2
1255,LPVVYYES,-,0,0,3
1256,AC,-,0,0,4
1257,RADPNFT,-,0,0,0
1258,KRKQ,-,0,0,1
1259,EAIHP,-,0,0,2
1260,RKQPVNTASFQPLKAGKC,-,0,0,3
1261,RFLK,-,0,0,4
1262,KLHHG,-,0,0,0
1263,KAA,-,0,0,1
1264,AFGSK,-,0,0,2
1265,DDD,-,0,0,3
1266,PEKNTY,-,0,0,4
1267,PGHQKPPEG,-,0,0,0
1268,FQ,-,0,0,1
1269,QPKRKKIESQGVH,-,0,0,2
1270,AGSKSTCRATAIPEPGSVEYLRE,-,0,0,3
1271,KASDPE,-,0,0,4
1272,NEEM,-,0,0,0
1273,LDTTLIESSVGTCYR,-,0,0,1
1274,FLFRLDTR,-,0,0,2
1275,LFAKQLPEIN,-,0,0,3
1276,SVVTLR,-,0,0,4
1277,SHSKAWVFAA,-,0,0,0
1278,PRLRR,-,0,0,1
1279,GLY,-,0,0,2
1280,LLVELVLGVVMGCQ,-,0,0,3
1281,VI,-,0,0,4
1282,SIH,-,0,0,0
1283,AAV,-,0,0,1
1284,GDFQADGLRVKASVFR,-,0,0,2
1285,SIKGR,-,0,0,3
1286,RLSS,-,0,0,4
1287,YTQL,-,0,0,0
1288,IKTTLGRDG,-,0,0,1
1289,DDGKNWGG,-,0,0,2
1290,AILY,-,0,0,3
1291,DSSVKG,-,0,0,4
1292,ENLYKLMREQKF,-,0,0,0
1293,ARHDRPR,-,0,0,1
1294,RPVVVRKEA,-,0,0,2
1295,HTVLK,-,0,0,3
1296,TPIKGVNSS,-,0,0,4
1297,LPGHS,-,0,0,0
1298,KRAGAA,-,0,0,1
1299,TILNAGR,-,0,0,2
1300,LNGP,-,0,0,3
1301,VMTSFSCDC,-,0,0,4
1302,VDSNI,-,0,0,0
1303,INATALAVP,-,0,0,1
1304,DPIG,-,0,0,2
1305,EVEQRS,-,0,0,3
1306,RVLE,-,0,0,4
1307,LDFRSAAMAL,-,0,0,0
1308,PTFFVV,-,0,0,1
1309,KGK,-,0,0,2
1310,EERHQADTQVGEVLY,-,0,0,3
1311,DKHMRLLG,-,0,0,4
1312,GHG,-,0,0,0
1313,KLLVVYQNV,-,0,0,1
1314,GFSF,-,0,0,2
1315,SPEAPQKECFY,-,0,0,3
1316,RKTELYRFGVLAVGASS,-,0,0,4
1317,LGYVLS,-,0,0,0
1318,LAFK,-,0,0,1
1319,RNKA,-,0,0,2
1320,KAAGPTE,-,0,0,3
1321,RVSDRGP,-,0,0,4
1322,ISSRVDVRTA,-,0,0,0
1323,EGPAS,-,0,0,1
1324,YLSRIMLTLE,-,0,0,2
1325,LKQT,-,0,0,3
1326,GFAEVLYEPVILIHIWLSVNVN,-,0,0,4
1327,SDQEGPVPERKG,-,0,0,0
1328,PEVVK,-,0,0,1
1329,LIRVTNTKLLINVGSSEKEDLPRIED,-,0,0,2
1330,TQSDLWFS,-,0,0,3
1331,LGFL,-,0,0,4
1332,MR,-,0,0,0
1333,IM,-,0,0,1
1334,LSDQRYAS,-,0,0,2
1335,HEEQS,-,0,0,3
1336,RLKKE,-,0,0,2
1337,DMDAANTAGEKNPNTQ,-,0,0,4
1338,SIEDPREMADLVRDALVIIVS,-,0,0,0
1339,KIRVGKVFQILHSF,-,0,0,1
1340,KRLLLVEVGM,-,0,0,2
1341,REIPLADP,-,0,0,3
1342,YDPAKV,-,0,0,4
1343,IYYCTDAI,-,0,0,0
1344,YWRLTTKKP,-,0,0,1
1345,VRDQGIMERTGAD,-,0,0,2
1346,PH,-,0,0,3
1347,MLEPC,-,0,0,4
1348,WTDVAKDASSL,-,0,0,0
1349,YKTAELIPNR,-,0,0,1
1350,SRYN,-,0,0,2
1351,ESGV,-,0,0,3
1352,KSIGE,-,0,0,4
1353,RHII,-,0,0,0
1354,MDYDH,-,0,0,1
1355,RGITK,-,0,0,2
1356,TKAVF,-,0,0,3
1357,MVKAA,-,0,0,4
1358,VLVES,-,0,0,0
1359,EDVQ,-,0,0,1
1360,PRKAVKKPENNLGL,-,0,0,2
1361,NTVEKIEIRKNIPFDGAK,-,0,0,3
1362,GIAEETELDLISKA,-,0,0,4
1363,YRYTK,-,0,0,0
1364,SRIRIFHW,-,0,0,1
1365,VPGLS,-,0,0,2
1366,KPADLMSPVI,-,0,0,3
1367,PRMGSVFNSA,-,0,0,4
1368,NLGESFRARE,-,0,0,0
1369,VNSEEKIYLG,-,0,0,1
1370,ASRGAEVTDLRDE,-,0,0,2
1371,ACMVNKDG,-,0,0,3
1372,KLSDAKTDQL,-,0,0,4
1373,GGGRW,-,0,0,0
1374,ILILHIQLQVP,-,0,0,1
1375,LNHDEDNVSYLYKLNA,-,0,0,2
1376,QDIATAPEDKLGAASVSKHIALLRI,-,0,0,3
1377,RYASKVQLLLYDNVRVSTPANIQAWVMDQT,-,0,0,4
1378,CLEVRVV,-,0,0,0
1379,SEIITTEME,-,0,0,1
1380,NFD,-,0,0,2
1381,ARKEKYSKTSYEEFV,-,0,0,3
1382,QGMLELYLNNSG,-,0,0,4
1383,KDLVLI,-,0,0,0
1384,GQGLTLAVAIAAYFKMKIFGTL,-,0,0,1
1385,WKELTW,-,0,0,2
1386,AE,-,0,0,3
1387,AF,-,0,0,4
1388,CTWHYVP,-,0,0,0
1389,TQDYLL,-,0,0,1
1390,RR,-,0,0,2
1391,DRKPAI,-,0,0,3
1392,YADTAG,-,0,0,4
1393,QVGYYH,-,0,0,4
1394,KGLNREMEENRNSCVGGGQQSAQDAGSNPQ,-,0,0,1
1395,SDDE,-,0,0,2
1396,FKACRS,-,0,0,3
1397,YGDQR,-,0,0,4
1398,FDGSGYRFCAPDKYAVQQYKE,-,0,0,4
1399,KDERMSRT,-,0,0,1
1400,FMGHIASRT,-,0,0,2
1401,RSVNYGLQD,-,0,0,3
1402,IRLCGGNKSL,-,0,0,4
1403,LAREPEVRSKRKLL,-,0,0,3
